full_address,zipcode,total_violations,unique_violation_units,unit_violation_list
1 BASS CIR SE,20019,4,1,203
1 SCOTT CIR NW,20036,8,2,"314, 716"
10 35TH ST SE,20019,1,1,201
10 49TH ST SE,20019,24,3,"204, #101, #203"
10 DANBURY ST SE,20032,1,1,Common
1000 12TH ST SE,20003,8,1,207
1000 15TH ST SE,20003,1,0,
1001 KENYON ST NW,20010,5,1,Unit 1
1001 RHODE ISLAND AVE NE,20018,1,1,1
1003 E ST NE,20002,1,0,
1005 NORTH CAPITOL ST NE,20002,11,3,"808, 1010, 1402"
1006 WEBSTER ST NW,20011,2,0,
1007 3RD PL SE,20003,6,0,
1008 N ST NW,20001,4,4,"1, 2, 3, Common"
1008 RITTENHOUSE ST NW,20011,9,1,15
1009 OTIS PL NW,20010,7,2,"1, 2"
101 41ST ST NE,20019,16,1,303
101 53RD ST SE,20019,6,1,1
101 57TH ST SE,20019,2,1,B
101 G ST SW,20024,1,1,A701
101 GALVESTON PL SW,20032,1,1,1
1011 15TH ST SE,20003,16,0,
1011 1ST ST SE,20003,6,2,"802, Common"
1013 5TH ST SE,20003,2,0,
1015 17TH PL NE,20002,20,2,"3, 4"
1017 17TH PL NE,20002,7,1,4
1017 M ST NW,20001,3,1,Exterior
1019 16TH ST NE,20002,9,1,1
1019 4TH ST NE,20002,17,1,A
1019 BLADENSBURG RD NE,20002,1,1,EXTERIOR
1019 UPSHUR ST NE,20017,1,0,
102 U ST NE,20002,4,0,
102 WILMINGTON PL SE,20032,14,3,"5, 10, 12"
1020 19TH ST NE,20002,1,1,Common
1020 45TH ST NE,20019,11,3,"101, 301, Common"
1020 BLADENSBURG RD NE,20002,1,0,
1021 10TH ST NE,20002,2,0,
1021 48TH ST NE,20019,1,1,1
1023 14TH ST SE,20003,3,1,104
1023 51ST ST NE,20019,4,0,
1025 13TH ST SE,20003,4,1,14
1027 PARK RD NW,20010,7,1,A
103 G ST SW,20024,1,1,B704
103 MISSOURI AVE NW,20011,2,1,205
103 WAYNE PL SE,20032,2,1,Common
1030 EUCLID ST NW,20001,5,1,204
1030 TAUSSIG PL NE,20017,3,0,
1035 48TH ST NE,20019,5,2,"102, 202"
1035 PERRY ST NE,20017,16,4,"202, 203, 302, Common"
1039 BLADENSBURG RD NE,20002,1,0,
104 FORT DR NE,20011,19,5,"1, 2, 3, 6, Common"
104 GALVESTON ST SW,20032,14,2,"101, T1"
104 MICHIGAN AVE NE,20017,2,1,13C
1040 EVARTS ST NE,20018,2,0,
105 6TH ST NE,20002,27,1,1
105 SHERIDAN ST NE,20011,1,0,
1050 NEW JERSEY AVE NW,20001,4,2,"210, 310"
1051 OAK DR SE,20032,4,1,F003
1054 44TH ST NE,20019,3,2,"B, Common"
106 GALVESTON ST SW,20032,11,1,T1
106 WILMINGTON PL SE,20032,21,3,"1, 3, 6"
1060 MOUNT OLIVET RD NE,20002,2,1,B21
107 WEBSTER ST NE,20011,13,1,1
108 58TH ST SE,20019,2,1,304
108 WILMINGTON PL SE,20032,8,1,14
1080 MOUNT OLIVET RD NE,20002,2,1,D21
109 35TH ST NE,20019,2,1,4
109 ROCK CREEK CHURCH RD NW,20011,2,0,
109 WAYNE PL SE,20032,7,2,"1, 4"
11 57TH PL SE,20019,3,1,A
11 61ST ST NE,20019,13,2,"102, 103"
11 8TH ST SE,20003,2,1,Common
11 HALLEY PL SE,20032,3,1,2
11 NICHOLSON ST NW,20011,2,1,206
110 35TH ST SE,20019,13,1,201
110 57TH ST SE,20019,9,1,B
110 D ST SE,20003,2,1,110
110 JOLIET ST SW,20032,12,1,A
1100 1ST ST SE,20003,13,7,"305, 317, 505, 1005, 1015, 1016, 1302"
1100 2ND PL SE,20003,2,2,"101, 105"
1100 EASTERN AVE NE,20019,9,3,"201, 211, 408"
1100 VARNEY ST SE,20032,1,0,
1101 EUCLID ST NW,20009,3,2,"32, 47"
1101 OAK DR SE,20032,3,1,101
1101 SYCAMORE DR SE,20032,5,1,C212
1102 21ST ST NE,20002,19,1,106
1103 ALABAMA AVE SE,20032,11,1,B
1103 C ST SE,20003,1,1,21
1103 FLORIDA AVE NE,20002,14,1,B
1105 MCCOLLOUGH CT NW,20001,1,1,301
1106 3RD ST SE,20003,4,1,NO UNIT
1106 3RD ST SW,20024,3,0,
1106 ALLISON ST NW,20011,8,0,
1106 EASTERN AVE NE,20019,15,4,"101, 105, 304, 305"
1107 11TH ST NW,20001,2,2,"21, 31"
1109 16TH ST NE,20002,2,0,
1109 6TH ST NE,20002,1,0,
1109 MCCOLLOUGH CT NW,20001,1,1,103
111 35TH ST SE,20019,13,1,102
111 58TH ST SE,20019,3,0,
1110 COLUMBIA RD NW,20009,4,2,"1, B1"
1111 23RD ST NW,20037,6,1,EXTER
1111 MASSACHUSETTS AVE NW,20005,5,1,710
1113 WAHLER PL SE,20032,1,0,
1115 48TH ST NE,20019,1,0,
1115 6TH ST NE,20002,2,1,B
1115 PENN ST NE,20002,4,1,1
1117 PENN ST NE,20002,1,1,2
1121 K ST SE,20003,3,1,34
1121 MORSE ST NE,20002,1,0,
1122 21ST ST NE,20002,27,3,"106, 107, 108"
1122 PENN ST NE,20002,6,1,2
1123 5TH ST NW,20001,3,1,1
1123 OATES ST NE,20002,1,0,
1124 GIRARD ST NW,20009,1,1,B
1125 SPRING RD NW,20010,1,1,309
1126 11TH ST NW,20001,1,0,
1126 COLUMBIA RD NW,20009,1,1,2
1126 PARK RD NW,20010,6,1,1
1128 25TH ST NW,20037,5,2,"1, Common"
1129 WAHLER PL SE,20032,1,0,
113 15TH ST SE,20003,2,0,
113 VARNUM ST NE,20011,8,3,"3, 8, EXTR/COMM"
1131 K ST SE,20003,11,2,"12, 22"
1132 FLORIDA AVE NE,20002,1,0,
1133 FAIRMONT ST NW,20009,2,0,
1133 GIRARD ST NW,20009,4,1,2
1135 16TH ST NE,20002,5,3,"303, 304, Common"
1137 WAHLER PL SE,20032,3,0,
114 GALVESTON ST SW,20032,3,1,T1
114 WAYNE PL SE,20032,5,3,"210, 302, COMMON"
1140 NORTH CAPITOL ST NW,20002,18,4,"124, 507, 712, 723"
1141 OWEN PL NE,20002,1,1,3
1146 17TH ST NE,20002,4,1,2
115 16TH ST NE,20002,7,3,"105, 201, Common"
115 53RD ST NE,20019,11,0,
115 D ST SE,20003,2,0,
115 FRANKLIN ST NE,20002,1,1,H23
1150 12TH ST NW,20005,21,5,"416, 504, 516, 604, 808"
1150 K ST NW,20005,1,1,302
1151 4TH ST SW,20024,1,1,805
1151 NEW JERSEY AVE NW,20001,2,1,405
1152 OWEN PL NE,20002,1,1,EXTERIOR
116 44TH ST NE,20019,32,20,"101, 104, 105, 107, 108, 110, 111, 113, 114, 115, 201, 203, 204, 206, 207, 208, 209, 213, Common, T3"
116 FORT DR NE,20011,16,2,"1, 5"
116 T ST NE,20002,34,11,"120, 264, 316, 319, 325, 332, 124, 129, 321, G31, 446"
1164 BLADENSBURG RD NE,20002,4,2,"107, 204"
1167 46TH PL SE,20019,2,0,
1169 6TH ST NE,20002,1,0,
117 35TH ST NE,20019,2,1,Common
117 ADAMS ST NW,20001,2,1,2
117 VARNUM ST NE,20011,7,1,8
1173 MORSE ST NE,20002,4,0,
1175 3RD ST NE,20002,1,0,
1175 46TH PL SE,20019,1,0,
1175 MORSE ST NE,20002,1,0,
119 P ST SW,20024,1,0,
12 DANBURY ST SE,20032,3,1,3
12 GALVESTON ST SW,20032,12,2,"203, 301"
12 S ST NE,20002,1,1,EXTERIOR
120 DANBURY ST SW,20032,22,2,"COMMON, 2"
120 O ST SW,20024,1,1,1
120 TRENTON PL SE,20032,1,1,1
120 VARNUM ST NE,20011,4,1,2
1200 DELAWARE AVE SW,20024,6,1,506
1200 FLORIDA AVE NE,20002,1,0,
1200 NEW HAMPSHIRE AVE NW,20036,1,0,
1200 NORTH CAPITOL ST NW,20002,79,20,"A111, A206, A306, A409, A615, A713, A714, AC101, B209, B307, B601, B611, B711, B810, C110, C301, C513, C701, C707, C712"
1200 PENN ST NE,20002,1,0,
1201 HALF ST SE,20003,1,1,404
1201 OAK DR SE,20032,5,0,
1201 POTOMAC AVE SE,20003,9,1,1
1203 I ST NE,20002,1,0,
1204 PENN ST NE,20002,5,1,5
1205 HALF ST SE,20003,2,1,513
1206 10TH ST NW,20001,5,1,COMMON
1206 EASTERN AVE NE,20019,7,3,"301, 303, 305"
1206 I ST SE,20003,9,1,21
1207 HALF ST SW,20024,3,0,
1207 PARK RD NW,20010,4,1,104
1207 SHERIDAN ST NW,20011,2,0,
1208 EVARTS ST NE,20018,23,1,301
1208 LINDEN PL NE,20002,2,0,
1209 30TH ST SE,20019,3,1,1
1209 GALLATIN ST NW,20011,1,0,
121 HAMILTON ST NW,20011,1,0,
121 NEW YORK AVE NW,20001,3,1,2
121 YUMA ST SE,20032,7,1,109
1210 EASTERN AVE NE,20019,40,15,"101, 102, 103, 104, 105, 201, 202, 203, 204, 205, 301, 303, 304, 305, Common"
1210 MAPLE VIEW PL SE,20020,17,1,305
1210 PERRY ST NE,20017,4,1,201
1212 MAPLE VIEW PL SE,20020,17,1,104
1213 PENN ST NE,20002,5,1,2
1214 19TH ST NE,20002,3,1,4
1214 SAVANNAH ST SE,20032,4,0,
1215 49TH ST NE,20019,3,1,304
1215 RANDOLPH ST NW,20011,7,1,3
1216 30TH ST SE,20019,1,0,
1216 JEFFERSON ST NW,20011,7,0,
1217 VALLEY AVE SE,20032,3,1,205
1218 SHEPHERD ST NW,20011,1,0,
1219 K ST NE,20002,33,4,"5TH FLOOR, 108, 202, 101"
122 6TH ST NE,20002,4,2,"B, Common"
122 O ST SW,20024,2,0,
1220 12TH ST NW,20005,16,5,"304, 510, 1002, Garage doo, Laundry ro"
1220 3RD ST NE,20002,1,1,712
1220 7TH ST NW,20001,2,1,201
1220 D ST SE,20003,2,1,2
1220 HOLBROOK TER NE,20002,1,1,200
1221 11TH ST NW,20001,1,0,
1221 HALF ST SW,20024,10,0,
1221 M ST NW,20005,10,5,"236, 810, 822, 823, COMMON"
1221 VAN BUREN ST NW,20012,3,1,204A
1222 MEIGS PL NE,20002,5,3,"1, 3, Common"
1222 PENN ST NE,20002,1,1,2
1222 SOUTHERN AVE SE,20032,2,1,101
1223 E ST SE,20003,3,0,
1225 49TH ST NE,20019,1,0,
1225 CLIFTON ST NW,20009,24,3,"102, 104, COMMON"
1225 MAPLE VIEW PL SE,20020,4,0,
1226 18TH PL NE,20002,23,1,4
1226 F ST NE,20002,1,1,1
1227 HOLBROOK TER NE,20002,24,2,"2, 1"
1227 ROCK CREEK FORD RD NW,20011,1,0,
1228 U ST SE,20020,1,0,
1229 G ST SE,20003,1,1,424
1230 18TH PL NE,20002,1,1,4
1230 23RD ST NW,20037,1,0,
1231 NEW JERSEY AVE NW,20001,2,1,2
1233 HOWISON PL SW,20024,12,0,
1233 VALLEY AVE SE,20032,3,1,204
1234 34TH ST NW,20007,2,1,Common
1234 QUEEN ST NE,20002,2,1,Common
1235 HOLBROOK TER NE,20002,10,1,3
1235 OWEN PL NE,20002,1,0,
1236 IRVING ST NW,20010,6,0,
1237 SHEPHERD ST NW,20011,3,1,D
124 ATLANTIC ST SE,20032,13,2,"102, 103"
124 WILMINGTON PL SE,20032,6,3,"1, 2, B1"
1240 SIMMS PL NE,20002,1,1,B
1242 11TH ST NW,20001,4,0,
1243 SIMMS PL NE,20002,4,2,"11, 20"
1245 13TH ST NW,20005,1,1,101
1247 16TH ST NE,20002,4,0,
125 IVANHOE ST SW,20032,13,3,"201, 202, 301"
125 MISSISSIPPI AVE SE,20032,10,0,
125 RIDGE RD SE,20019,8,1,125
125 VICTOR ST NE,20011,2,1,2
125 YUMA ST SE,20032,9,2,"101, 109"
1251 OAK DR SE,20032,13,4,"109, B209, 209, 211"
1254 HOLBROOK TER NE,20002,4,1,1
1254 SIMMS PL NE,20002,2,1,all units/
1256 NEW JERSEY AVE NW,20001,1,1,2
126 35TH ST SE,20019,4,1,203
126 KENILWORTH AVE NE,20019,7,1,SFD
1260 HOLBROOK TER NE,20002,6,0,
1261 U ST SE,20020,2,0,
127 17TH ST SE,20003,11,3,"A, B, 1"
127 35TH ST SE,20019,10,1,302
127 TAUSSIG PL NE,20011,8,1,1/ext.
1270 SIMMS PL NE,20002,2,0,
1271 MEIGS PL NE,20002,4,1,4
1273 BRENTWOOD RD NE,20018,1,1,6
1275 BRENTWOOD RD NE,20018,1,1,7
1275 MEIGS PL NE,20002,11,1,3
1275 OAK DR SE,20032,10,1,C002
1284 NEAL ST NE,20002,10,0,
1286 NEAL ST NE,20002,3,0,
129 47TH ST NE,20019,6,0,
129 4TH ST SE,20003,5,2,"2, Common"
130 IRVINGTON ST SW,20032,1,1,Common
130 M ST NE,20002,13,3,"907, 220, 906"
130 WEBSTER ST NW,20011,2,1,10D
1300 ADAMS ST NE,20018,12,2,"4, Common"
1300 CONGRESS ST SE,20032,4,1,3
1300 CONSTITUTION AVE NE,20002,4,2,"101, 2"
1300 H ST NE,20002,8,2,"201, 204"
1300 K ST SE,20003,3,3,"1, 204, Common"
1301 COLUMBIA RD NW,20009,13,3,"202, 301, 302"
1301 HARVARD ST NW,20009,3,1,3
1301 MISSOURI AVE NW,20011,1,1,COMMON
1301 ORREN ST NE,20002,3,1,2
1301 RIDGE PL SE,20020,2,2,"101, All"
1302 44TH PL SE,20019,8,0,
1302 MORRIS RD SE,20020,52,9,"B1, B2, B3, B4, B5, B6, B7, B8, B9"
1302 SARATOGA AVE NE,20018,4,1,2
1303 5TH ST NW,20001,8,0,
1309 5TH ST NW,20001,16,0,
1309 EUCLID ST NW,20009,4,1,2
1310 COLUMBIA RD NW,20009,12,2,"203, 204"
1310 CONGRESS ST SE,20032,3,1,101
1310 PARK RD NW,20010,10,2,"1, 3"
1310 T ST SE,20020,3,0,
1312 CLIFTON ST NW,20009,8,2,"416s, 416S"
1312 GALLAUDET ST NE,20002,1,1,EXTERIOR
1312 PARK RD NW,20010,6,1,B
1312 W ST NW,20009,1,1,B
1313 ADAMS ST NE,20018,8,1,2
1313 CONGRESS ST SE,20032,3,1,302
1313 WALLACH PL NW,20009,5,0,
1314 COLUMBIA RD NW,20009,13,2,"201, 301"
1314 HAMLIN ST NE,20017,14,0,
1314 WEBSTER ST NE,20017,1,1,exterior
1315 5TH ST NW,20001,1,1,301
1315 ANACOSTIA RD SE,20019,6,1,4
1315 COLUMBIA RD NW,20009,1,1,101
1317 COLUMBIA RD NW,20009,9,1,101
1317 F ST NW,20004,1,0,
1319 HOLBROOK ST NE,20002,5,2,"2, 4"
1319 SOUTH CAPITOL ST SW,20003,1,1,1203
1320 BRYANT ST NE,20018,2,2,"4, Common"
1320 CONGRESS ST SE,20032,3,1,4
1320 MISSISSIPPI AVE SE,20032,4,1,2
1321 ANACOSTIA RD SE,20019,2,1,4
1322 CONGRESS ST SE,20032,9,2,"6, 9"
1322 MAIN DR NW,20012,22,1,314
1322 ORREN ST NE,20002,1,1,Common
1323 28TH ST SE,20020,12,0,
1323 K ST SE,20003,4,1,102
1324 CONGRESS ST SE,20032,4,1,6
1324 KENYON ST NW,20010,1,0,
1324 MAIN DR NW,20012,2,2,"324, 326"
1325 EMERSON ST NW,20011,14,1,302
1325 RIDGE PL SE,20020,5,0,
1325 SAVANNAH ST SE,20032,7,1,5
1326 CONGRESS ST SE,20032,9,1,5
1327 27TH ST SE,20020,1,1,B
1327 SAVANNAH ST SE,20032,1,1,Common
1329 SAVANNAH ST SE,20032,6,2,"7, 8"
133 LONGFELLOW ST NW,20011,3,0,
133 URELL PL NE,20011,5,1,EXTERIOR
133 YUMA ST SE,20032,30,7,"1, 5, 7, 8, 9, 12, Common"
1330 28TH ST SE,20020,2,2,"4, Common"
1330 7TH ST NW,20001,1,1,308
1330 CONGRESS ST SE,20032,22,3,"3, 4, 1"
1330 S ST NW,20009,2,0,
1331 22ND ST NW,20037,1,1,1
1331 5TH ST NW,20001,6,0,
1331 CONGRESS ST SE,20032,2,0,
1331 NEWTON ST NE,20017,3,1,3
1332 GIRARD ST NW,20009,21,1,1
1333 5TH ST NW,20001,7,0,
1333 SAVANNAH ST SE,20032,1,1,5
1334 28TH ST SE,20020,17,2,"1, 2"
1334 NEWTON ST NE,20017,5,1,Apt 2
1335 CONGRESS ST SE,20032,17,0,
1335 SAVANNAH ST SE,20032,5,1,2
1336 BRYANT ST NE,20018,1,1,3
1337 RIDGE PL SE,20020,5,0,
1339 DOWNING ST NE,20018,1,0,
134 BRYANT ST NW,20001,3,0,
1340 BRYANT ST NE,20018,7,4,"1, 2, 3, Common"
1340 D ST SE,20003,12,1,12
1340 LEVIS ST NE,20002,2,1,1
1340 RITTENHOUSE ST NW,20011,2,0,
1342 U ST SE,20020,4,0,
1344 CANAL ST SW,20024,5,0,
1345 NEW YORK AVE NE,20002,3,0,
1345 OAK ST NW,20010,2,0,
1346 4TH ST SE,20003,1,1,916
1346 PARK RD NW,20010,1,1,EXTERIOR
1349 HOWARD RD SE,20020,1,1,204
1349 OAK ST NW,20010,2,0,
135 IRVINGTON ST SW,20032,3,1,201
135 VARNUM ST NW,20011,1,1,B
1350 CLIFTON ST NW,20009,1,1,204W
1353 INGRAHAM ST NW,20011,20,0,
1353 U ST NW,20009,1,1,COMMON
1355 NEW YORK AVE NE,20002,1,0,
1355 PEABODY ST NW,20011,15,3,"107, 302, 311"
1356 BRYANT ST NE,20018,6,2,"3, Common"
1359 BRYANT ST NE,20018,13,3,"1, 3, 4"
1359 E ST SE,20003,3,0,
1359 LAWRENCE ST NE,20017,20,0,
136 IVANHOE ST SW,20032,16,4,"101, 102, 202, Common"
1360 BARNABY TER SE,20032,1,0,
1360 CONGRESS ST SE,20032,1,1,2
1360 MORRIS RD SE,20020,3,1,203
1362 CONGRESS ST SE,20032,14,1,9
1362 E ST SE,20003,7,0,
1362 MORRIS RD SE,20020,8,1,301
1363 PEABODY ST NW,20011,5,1,205
1364 CONGRESS ST SE,20032,7,2,"2, 3"
1366 RANDOLPH ST NW,20011,1,0,
1367 MASSACHUSETTS AVE SE,20003,2,1,COMMON
1369 IRVING ST NW,20010,5,1,705
1369 SAVANNAH ST SE,20032,13,1,5
137 47TH ST NE,20019,1,0,
137 IVANHOE ST SW,20032,10,4,"101, 102, B1, Common"
1370 CONGRESS ST SE,20032,7,1,4
1370 PEABODY ST NW,20011,3,1,103
1371 PEABODY ST NW,20011,2,2,"303, Common"
1373 NICHOLSON ST NW,20011,5,3,"1, 3, 4"
1374 SAVANNAH ST SE,20032,5,1,7
1375 CONGRESS ST SE,20032,4,0,
1375 FAIRMONT ST NW,20009,2,1,407
1375 KENYON ST NW,20010,2,2,"212, 414"
1375 SAVANNAH PL SE,20032,18,0,
1375 SAVANNAH ST SE,20032,2,0,
1379 CONGRESS ST SE,20032,10,0,
1380 BRYANT ST NE,20018,1,0,
1381 SAVANNAH PL SE,20032,1,1,201
1383 CONGRESS ST SE,20032,16,0,
1383 SAVANNAH PL SE,20032,25,1,201
1385 CONGRESS ST SE,20032,3,0,
1388 TUCKERMAN ST NW,20011,7,1,A9
1390 KENYON ST NW,20010,3,1,514
1390 TEWKESBURY PL NW,20012,5,1,302
1393 CONGRESS ST SE,20032,1,1,5
1394 MORRIS RD SE,20020,3,0,
1395 MORRIS RD SE,20020,3,0,
14 GALVESTON PL SW,20032,3,0,
14 VAN BUREN ST NW,20012,6,1,REAR
1400 29TH ST SE,20020,1,1,EXTERIOR
1400 CONSTITUTION AVE NE,20002,3,1,1
1400 FAIRMONT ST NW,20009,4,1,B4
1400 FLORIDA AVE NE,20002,1,1,206
1400 IRVING ST NW,20010,1,1,109
1400 SOMERSET PL NW,20011,9,1,204
1401 22ND ST SE,20020,1,1,BLDG
1401 BANGOR ST SE,20020,5,2,"1, 3"
1401 FAIRMONT ST NW,20009,31,5,"112, 221, 405, 511, B-16"
1401 NEW YORK AVE NE,20002,6,3,"363, 374, 386"
1401 PENNSYLVANIA AVE SE,20003,6,1,401
1403 NEW YORK AVE NE,20002,1,0,
1404 DOWNING ST NE,20018,12,1,3
1404 EUCLID ST NW,20009,1,1,6
1404 S ST SE,20020,6,0,
1404 STAPLES ST NE,20002,6,1,3
1405 RIDGE PL SE,20020,5,0,
1408 HOLBROOK ST NE,20002,6,1,3
1408 ORREN ST NE,20002,2,0,
1408 WISCONSIN AVE NW,20007,4,0,
1409 11TH ST NW,20001,5,1,301
1409 NEW JERSEY AVE NW,20001,2,0,
1409 STAPLES ST NE,20002,1,0,
1410 GIRARD ST NW,20009,3,1,B31
1410 QUINCY ST NW,20011,4,2,"201, 301"
1410 YOUNG ST SE,20020,17,4,"1, 9, 10, Common"
1412 21ST ST NW,20036,1,0,
1412 YOUNG ST SE,20020,41,5,"1, 2, 4, 5, 6"
1414 NEWTON ST NW,20010,7,0,
1414 V ST NW,20009,8,2,"305, 405"
1415 HOLBROOK ST NE,20002,23,0,
1416 DOWNING ST NE,20018,2,1,2
1416 QUINCY ST NW,20011,2,1,B3
1417 DOWNING ST NE,20018,7,0,
1417 MONTELLO AVE NE,20002,2,0,
1417 SHIPPEN LN SE,20020,2,0,
1417 SPRING RD NW,20010,2,1,A
1418 9TH ST NW,20001,3,0,
1418 SOMERSET PL NW,20011,9,2,"A3, C4"
1420 HARVARD ST NW,20009,5,1,105
1420 W ST SE,20020,1,0,
1421 BELMONT ST NW,20009,5,3,"6, 10, 13"
1421 EUCLID ST NW,20009,11,3,"407, 408, 501"
1422 SHIPPEN LN SE,20020,6,0,
1422 TOBIAS DR SE,20020,2,0,
1423 34TH ST NW,20007,9,0,
1423 MONTELLO AVE NE,20002,1,0,
1424 3RD ST NW,20001,1,0,
1424 CEDAR ST SE,20020,3,1,201
1424 CHAPIN ST NW,20009,3,3,"306, 402, 405"
1424 CLIFTON ST NW,20009,5,4,"1, 9, 10, 12"
1424 W ST NW,20009,20,2,"101, 303"
1425 N ST NW,20005,2,1,502
1425 P ST NW,20005,1,1,506
1427 CEDAR ST SE,20020,2,1,301
1428 EUCLID ST NW,20009,1,1,106
1428 NORTH CAPITOL ST NW,20002,3,0,
1429 COLUMBIA RD NW,20009,1,1,23
1430 L ST SE,20003,12,2,"210, 307"
1431 MONTANA AVE NE,20018,3,2,"4, 5"
1431 SHIPPEN LN SE,20020,9,1,SFD
1432 GIRARD ST NW,20009,7,1,D13
1433 3RD ST SW,20024,15,0,
1433 COLUMBIA RD NW,20009,41,37,"1, 2, 3, 4, 5, 6, 8, 22, 23, 24, 25, 26, 28, 32, 34, 35, 36, 37, 38, 40, 41, 42, 43, 44, 45, 46, 48, B1, B2, B3, B4, COMMON, 47, com, 30, 31, 33"
1434 EASTERN AVE NE,20019,4,1,1
1434 HARVARD ST NW,20009,7,2,"Suite B, 204"
1435 NEWTON ST NW,20010,3,1,114
1436 NEWTON ST NW,20010,2,1,2
1438 CEDAR ST SE,20020,1,1,202
1439 SOUTH CAROLINA AVE SE,20003,2,0,
144 IVANHOE ST SW,20032,12,1,201
144 MICHIGAN AVE NE,20017,1,1,11V
1440 4TH ST SW,20024,3,0,
1440 CEDAR ST SE,20020,19,2,"101, 302"
1440 CHAPIN ST NW,20009,15,5,"1, 7, 31, 45, Exterior"
1440 COLUMBIA RD NW,20009,7,1,102
1440 MERIDIAN PL NW,20010,7,1,104
1440 R ST NW,20009,9,1,A
1440 ROCK CREEK FORD RD NW,20011,22,5,"209, 218, 309, 312, 314"
1440 V ST NW,20009,1,1,404
1441 GIRARD ST NW,20009,8,1,3
1441 K ST SE,20003,6,1,2
1441 U ST NW,20009,1,1,103
1442 INDEPENDENCE AVE SE,20003,1,1,1
1442 V ST SE,20020,5,0,
1443 FAIRMONT ST NW,20009,4,2,"E21, E41"
1443 PARKWOOD PL NW,20010,1,0,
1443 SPRING RD NW,20010,14,6,"101, 102, 103, 104, 303, B1"
1444 SMITH PL SE,20032,1,0,
1445 CEDAR ST SE,20020,1,1,301
1445 OAK ST NW,20010,8,4,"1, 3, 11, 4"
1445 OGDEN ST NW,20010,1,1,404
1445 OTIS PL NW,20010,5,2,"129, 426"
1446 FAIRMONT ST NW,20009,5,1,6
1446 SMITH PL SE,20032,2,0,
1448 SMITH PL SE,20032,1,0,
1449 OAK ST NW,20010,47,6,"3, 4, 5, 12, 14, Common"
145 35TH ST NE,20019,1,1,4
1450 MONROE ST NW,20010,2,1,EXTERIOR
1451 35TH ST SE,20020,1,0,
1452 BANGOR ST SE,20020,1,1,202
1452 D ST NE,20002,1,0,
1456 4TH ST SW,20024,2,0,
1456 BANGOR ST SE,20020,4,1,T
1456 OAK ST NW,20010,2,2,"206, 409"
1458 4TH ST SW,20024,18,0,
1459 MORRIS RD SE,20020,4,0,
1460 BANGOR ST SE,20020,5,1,102
1460 IRVING ST NW,20010,3,1,001
1462 BANGOR ST SE,20020,9,1,201
1464 4TH ST SW,20024,7,0,
1466 HARVARD ST NW,20009,2,1,A-1
1467 ROXANNA RD NW,20012,1,0,
1471 3RD ST SW,20024,4,0,
1471 HOWARD RD SE,20020,1,0,
1472 NEWTON ST NW,20010,4,4,"1, 11, 22, 33"
1473 BRUCE PL SE,20020,7,1,12
1474 COLUMBIA RD NW,20009,7,2,"105, 208"
1479 BRUCE PL SE,20020,1,0,
149 RHODE ISLAND AVE NW,20001,3,0,
15 15TH ST SE,20003,4,0,
15 41ST ST NE,20019,1,1,104
15 54TH ST SE,20019,9,0,
15 BRYANT ST NE,20002,1,0,
150 JOLIET ST SW,20032,2,1,A
150 Q ST NE,20002,3,1,1413
150 XENIA ST SE,20032,19,4,"104, 203, 204, Common"
1500 18TH ST SE,20020,12,1,2
1500 BENNING RD NE,20002,1,0,
1500 SHIPPEN LN SE,20020,2,0,
1504 V ST SE,20020,1,1,2
1506 27TH ST NW,20007,1,1,1
1507 19TH ST SE,20020,7,1,Com/Exter
1507 BENNING RD NE,20002,10,1,D33
1507 MORRIS RD SE,20020,11,0,
1507 TOBIAS DR SE,20020,1,0,
1507 TUBMAN RD SE,20020,4,0,
1509 19TH ST SE,20020,2,1,Com/Exter
1509 BENNING RD NE,20002,1,1,K24
1509 S ST NW,20009,1,0,
1509 T ST SE,20020,5,1,3
1509 W ST SE,20020,11,2,"2, Entire apa"
151 JOLIET ST SW,20032,1,1,Common
151 Q ST NE,20002,8,4,"3204, 3316, 3322, 3429"
1511 17TH ST SE,20020,11,1,1
1511 19TH ST SE,20020,9,1,COM/EXTER
1511 BENNING RD NE,20002,31,4,"E11, E31, E43, Common"
1511 FRANKLIN ST NE,20018,55,18,"108, 201, 207, 210, 301, 303, 304, 307, 402, 403, 404, 409, 506, 509, 510, Common, COMMON, 203"
1511 W ST SE,20020,15,1,1
1512 2ND ST SW,20024,1,1,22
1512 MONTANA AVE NE,20018,18,0,
1513 BENNING RD NE,20002,6,2,"F13, F43"
1514 26TH ST NW,20007,2,1,4
1515 MORRIS RD SE,20020,1,0,
1516 MARION BARRY AVE SE,20020,1,1,301
1517 GALES ST NE,20002,5,0,
1519 BENNING RD NE,20002,1,1,Common
1519 SHIPPEN LN SE,20020,3,0,
1520 ISHERWOOD ST NE,20002,5,1,1
1521 28TH ST SE,20020,2,1,A3
1521 3RD ST NW,20001,13,1,B
1521 BENNING RD NE,20002,1,1,H14
1521 MONTANA AVE NE,20018,4,0,
1521 V ST SE,20020,18,3,"1, 6, Common"
1522 V ST SE,20020,7,1,1
1523 BENNING RD NE,20002,1,1,I22
1525 19TH ST SE,20020,6,1,6
1525 28TH ST SE,20020,11,1,A2
1525 7TH ST NW,20001,1,0,
1525 S ST SE,20020,1,1,exterior
1526 9TH ST NW,20001,1,0,
1526 MARION BARRY AVE SE,20020,10,1,1
1526 V ST SE,20020,12,2,"4, Common"
1527 Q ST NW,20009,1,1,4
1527 T ST NW,20009,1,1,3
1528 6TH ST NW,20001,2,0,
1528 9TH ST NW,20001,1,0,
1530 1ST ST SW,20024,18,8,"205, 202, 204, 206, 207, 210, COMMON, PH3"
1530 28TH PL SE,20020,6,1,103
1530 RHODE ISLAND AVE NE,20018,12,4,"108, 303, 406, COMMON"
1530 RHODE ISLAND NE,20002,1,1,305
1532 15TH ST NW,20005,5,1,Common
1535 MORRIS RD SE,20020,7,1,304
1537 A ST SE,20003,1,0,
1538 ALABAMA AVE SE,20032,14,1,SFD
1543 NORTH CAROLINA AVE NE,20002,2,0,
1544 ALABAMA AVE SE,20032,3,0,
1545 GIRARD ST NE,20018,4,2,"12, 45"
1545 MONTANA AVE NE,20018,2,1,4
1546 1ST ST NW,20001,3,0,
1548 ALABAMA AVE SE,20032,4,0,
1548 BENNING RD NE,20002,3,0,
155 RANDOLPH PL NW,20001,1,1,N/A
1550 11TH ST NW,20001,1,0,
1550 1ST ST SW,20024,20,2,"504, 604"
1550 27TH ST SE,20020,19,2,"203, COMMON"
1550 7TH ST NW,20001,3,2,"219, 310"
1550 ALABAMA AVE SE,20032,12,0,
1560 BUTLER ST SE,20020,1,1,204
1564 41ST ST SE,20020,2,1,B
157 36TH ST NE,20019,10,1,3
1575 SPRING PL NW,20010,5,1,COMMON
158 T ST NE,20002,1,0,
16 DANBURY ST SW,20032,3,1,COMMON
1600 16TH ST NW,20009,3,1,906
1600 18TH ST SE,20020,6,2,"1, EXTERIOR"
1600 28TH PL SE,20020,2,1,202
1600 ISHERWOOD ST NE,20002,3,1,1
1600 MARYLAND AVE NE,20002,18,4,"24, 27, 352, 423"
1600 U ST SE,20020,2,0,
1601 18TH ST SE,20020,6,2,"2, Common"
1601 HOLBROOK ST NE,20002,1,0,
1601 SHEPHERD ST NW,20011,1,0,
1602 E ST SE,20003,1,0,
1602 MONTELLO AVE NE,20002,1,0,
1604 E ST NE,20002,4,2,"2, 4"
1604 POTOMAC AVE SE,20003,7,0,
1606 D ST SE,20003,4,0,
1606 K ST NE,20002,2,1,102
1608 17TH PL SE,20020,11,1,1
1609 E ST NE,20002,1,1,1
161 ADAMS ST NW,20001,32,0,
161 JOLIET ST SW,20032,4,1,103
1611 17 SE,20020,3,1,101
1611 17TH ST SE,20020,5,2,"107, 205"
1612 19TH ST NW,20009,2,1,Common
1613 17TH ST SE,20020,5,1,103
1613 29TH ST SE,20020,9,2,"3, 203"
1613 HOLBROOK ST NE,20002,2,1,1
1613 LINCOLN RD NE,20002,1,1,B
1614 17TH ST NW,20009,41,15,"104, 105, 202, 203, 206, 403, 501, 502, 601, 602, 603, 705, 801, 806, Common"
1614 17TH ST SE,20020,2,1,2
1615 17TH ST SE,20020,1,1,204
1615 FRANKLIN ST NE,20018,7,2,"104, T1"
1616 16TH ST NW,20009,48,6,"101, 401, 501, 601, 606, 703"
1616 17TH PL SE,20020,3,1,1
1616 E ST NE,20002,1,0,
1616 MARION ST NW,20001,4,1,231
1616 W ST SE,20020,3,0,
1617 1ST ST NW,20001,3,0,
1618 22ND ST SE,20020,1,1,1
1618 OLIVE ST NE,20019,3,0,
1618 T ST NW,20009,6,1,7
1619 17TH ST SE,20020,6,3,"207, 306, 307"
1619 A ST NE,20002,4,1,2
1619 BUTLER ST SE,20020,15,5,"1, 2, 3, 4, Common"
1620 FULLER ST NW,20009,5,3,"206, T8, T03"
1620 V ST SE,20020,10,1,2
1621 1ST ST NW,20001,3,1,2
1621 MASSACHUSETTS AVE SE,20003,10,2,"2, 10"
1621 MONTANA AVE NE,20018,7,1,11
1622 19TH ST SE,20020,1,0,
1622 GOOD HOPE RD SE,20020,6,1,BSMT
1624 17TH PL SE,20020,5,1,1
1624 3RD ST NW,20001,5,0,
1625 BUTLER ST SE,20020,4,1,1
1625 FORT DUPONT ST SE,20020,2,0,
1625 FRANKLIN ST NE,20018,11,3,"206, 307, T4"
1625 Q ST NW,20009,1,1,105
1626 28TH ST SE,20020,5,1,2
1627 WEST VIRGINIA AVE NE,20002,6,3,"1, 3, 4"
1628 C ST NE,20002,12,0,
1628 TRINIDAD AVE NE,20002,1,1,2
1629 COLUMBIA RD NW,20009,7,3,"713, 719, 834"
1629 E ST NE,20002,13,2,"1, 4"
1630 PARK RD NW,20010,12,1,501
1631 EUCLID ST NW,20009,9,5,"301, 307, 308, 407, Elevator"
1631 HOLBROOK ST NE,20002,2,2,"3, 4"
1631 S ST NW,20009,7,2,"501, 507"
1632 MONTELLO AVE NE,20002,2,0,
1633 D ST SE,20003,4,1,Common
1633 E ST NE,20002,1,1,3
1635 6TH ST NW,20001,2,1,1
1635 V ST SE,20020,3,1,206
1635 WEST VIRGINIA AVE NE,20002,5,1,2
1637 TRINIDAD AVE NE,20002,13,1,4
1639 HOLBROOK ST NE,20002,3,1,Common
164 BRYANT ST NW,20001,6,1,rooming ho
1640 GALES ST NE,20002,3,0,
1641 TRINIDAD AVE NE,20002,9,1,2
1641 W ST SE,20020,1,1,301
1642 6TH ST NW,20001,1,1,Basement
1644 W ST SE,20020,17,4,"101, 103, 201, 203"
1645 W ST SE,20020,29,4,"104, 204, Common, T2"
1646 MONTELLO AVE NE,20002,33,1,2
1647 V ST SE,20020,3,1,1
1649 TRINIDAD AVE NE,20002,2,1,4
1650 FULLER ST NW,20009,4,2,"11, 24"
1650 W ST SE,20020,13,4,"301, 304, COMMON, 404"
1656 W ST SE,20020,15,4,"105, 304, 405, common are"
166 UHLAND TER NE,20002,1,0,
167 JOLIET ST SW,20032,1,1,Common
1676 MARYLAND AVE NE,20002,3,2,"165, 356E"
17 BATES ST NW,20001,11,2,"A, B"
17 MISSISSIPPI AVE SE,20032,1,1,C08
1700 KENYON ST NW,20010,1,0,
1700 R ST SE,20020,9,3,"1, 2, Common"
1701 6TH ST NW,20001,2,1,A
1701 E ST NE,20002,14,2,"2, 4"
1702 BRENTWOOD RD NE,20018,1,0,
1702 SUMMIT PL NW,20009,5,1,302
1703 6TH ST NW,20001,2,0,
1704 40TH ST SE,20020,1,0,
1704 R ST SE,20020,1,1,2
1705 BENNING RD NE,20002,2,1,C13
1705 CAPITOL AVE NE,20002,3,1,4
1705 WEST VIRGINIA AVE NE,20002,5,1,1
1708 GALES ST NE,20002,20,2,"1, Common"
1708 R ST NW,20009,1,1,1
1708 R ST SE,20020,4,1,4
1708 WEST VIRGINIA AVE NE,20002,6,1,4
1709 CAPITOL AVE NE,20002,1,0,
171 JOLIET ST SW,20032,6,1,201
1711 28TH ST SE,20020,3,1,2
1711 CAPITOL AVE NE,20002,10,1,2
1711 H ST NE,20002,11,1,2
1712 16TH ST NW,20009,3,3,"203, 206, Common"
1712 40TH ST SE,20020,1,1,N
1712 SUMMIT PL NW,20009,1,1,Common
1713 E ST NE,20002,2,1,1
1715 V ST SE,20020,3,1,204
1717 17TH ST NW,20009,31,4,"101, 105, 201, 302"
1717 R ST NW,20009,3,2,"411, 509"
1717 S ST SE,20020,10,2,"203, 304"
1718 T ST SE,20020,9,1,2
1719 SAVANNAH ST SE,20020,2,1,102
172 MISSISSIPPI AVE SE,20032,4,2,"B, Common"
1720 BENNING RD NE,20002,4,1,A
1720 R ST SE,20020,5,1,1
1721 CORCORAN ST NE,20002,3,1,201
1721 MINNESOTA AVE SE,20020,1,1,1
1721 Q ST SE,20020,1,0,
1721 T ST SE,20020,5,1,102
1721 WEST VIRGINIA AVE NE,20002,1,1,3
1724 FRANKFORD ST SE,20020,3,0,
1728 CAPITOL AVE NE,20002,9,1,1
1728 CONNECTICUT AVE NW,20009,1,0,
1728 W ST SE,20020,6,2,"F105, J201"
1729 E ST NE,20002,1,1,1
1730 7TH ST NW,20001,7,1,802
1732 BUCHANAN ST NE,20017,1,0,
1732 TRINIDAD AVE NE,20002,2,1,5
1736 RHODE ISLAND AVE NE,20018,9,1,214
1737 MINNESOTA AVE SE,20020,3,1,1
1738 BENNING RD NE,20002,2,1,A
1738 H ST NE,20002,2,0,
174 MISSISSIPPI AVE SE,20032,4,2,"B, Common"
1740 EUCLID ST NW,20009,9,2,"305, 404"
1740 S ST SE,20020,2,2,"2, 4"
1742 BENNING RD NE,20002,4,1,A
1743 18TH ST NW,20009,7,1,B
1743 NORTH CAPITOL ST NE,20002,1,1,B
1743 STANTON TER SE,20020,3,0,
1745 MASSACHUSETTS AVE SE,20003,2,0,
1745 T ST NW,20009,2,1,Common
1746 BENNING RD NE,20002,1,1,Common
1747 STANTON TER SE,20020,2,0,
1749 T ST NW,20009,7,4,"13, 14, B, Common"
175 35TH ST NE,20019,4,1,1
175 R ST NE,20002,1,0,
1750 L ST NE,20002,1,0,
1750 P ST NW,20036,5,1,PH6
1751 WILLARD ST NW,20009,3,0,
1754 LANIER PL NW,20009,2,1,101
1754 S ST NW,20009,15,8,"2, 3, 4, 7, 8, 9, 10, Common"
1757 N ST NW,20036,1,1,205
1759 W ST SE,20020,10,2,"A, C"
1764 MISSISSIPPI AVE SE,20020,2,0,
1773 LANIER PL NW,20009,14,3,"7, 12, 16"
1776 U ST NW,20009,1,0,
1787 TRENTON PL SE,20020,1,0,
1789 TRENTON PL SE,20020,8,0,
18 4TH ST NE,20002,4,1,3
18 CHESAPEAKE ST SW,20032,6,1,5
1800 28TH PL SE,20020,6,1,305
1800 LAWRENCE ST NE,20018,13,0,
1800 MINNESOTA AVE SE,20020,11,1,1
1800 SHEPHERD ST NE,20018,7,1,202
1801 16TH ST NW,20009,1,1,306
1801 28TH PL SE,20020,1,1,1
1802 2ND ST NW,20001,2,0,
1803 19TH ST NW,20009,1,1,2
1803 CONNECTICUT AVE NW,20009,1,0,
1804 13TH ST SE,20020,1,0,
1805 29TH ST SE,20020,4,0,
1805 D ST SE,20003,3,0,
1806 Q ST SE,20020,9,0,
1807 NEWTON ST NW,20010,34,5,"1, 2, 4, 6, Common"
1809 18TH ST SE,20020,5,1,4
1809 19TH ST NW,20009,8,1,2
181 JOLIET ST SW,20032,3,2,"204, Common"
1810 FREDERICK DOUGLASS PL SE,20020,4,0,
1810 TRENTON PL SE,20020,7,1,304
1811 24TH ST NE,20002,2,1,102
1811 FREDERICK DOUGLASS PL SE,20020,5,0,
1811 IRVING ST NE,20018,14,2,"205, Common"
1811 LAWRENCE ST NE,20018,2,0,
1811 NORTH CAPITOL ST NE,20002,1,0,
1811 QUINCY ST NW,20011,4,0,
1814 24TH ST NE,20002,2,1,103
1814 C ST SE,20003,4,1,3
1814 CORCORAN ST NE,20002,9,0,
1814 I ST NE,20002,2,1,8
1814 IRVING ST NE,20018,4,1,204
1814 Q ST SE,20020,10,4,"1, 203, 301, 302"
1816 BELMONT RD NW,20009,1,0,
1816 IRVING ST NE,20018,4,1,202
1816 PROVIDENCE ST NE,20002,3,1,3
1817 8TH ST NW,20001,4,0,
1818 24TH ST NE,20002,3,2,"104, 204"
1818 ALABAMA AVE SE,20020,1,0,
1819 Q ST SE,20020,10,1,1
182 36TH ST NE,20019,14,1,1
1820 IRVING ST NE,20018,11,2,"102, 205"
1820 SWANN ST NW,20009,3,1,203
1821 MORRIS RD SE,20020,5,0,
1821 NORTH CAPITOL ST NE,20002,7,1,2
1821 SUMMIT PL NW,20009,1,1,102
1821 T ST NW,20009,8,3,"101, 102, COMMON"
1822 HARVARD ST NW,20009,3,2,"202, 301"
1825 2ND ST NE,20002,1,0,
1825 7TH ST NW,20001,17,7,"1, 613, 614, 709, 819, 922, 924"
1825 SUMMIT PL NW,20009,2,1,302
1826 HARVARD ST NW,20009,1,1,102
1826 MARYLAND AVE NE,20002,1,1,2
1827 1ST ST NW,20001,3,1,1
1827 24TH ST NE,20002,3,1,T4
1827 GOOD HOPE RD SE,20020,12,3,"A1, A7, A8"
1827 KALORAMA RD NW,20009,2,1,B
1827 MARION BARRY AVE SE,20020,4,1,Parking lo
1827 Q ST SE,20020,1,1,1
1827 SUMMIT PL NW,20009,2,1,G4
1828 Q ST SE,20020,4,1,6
1829 GOOD HOPE RD SE,20020,8,3,"B1, B6, COMMON"
1829 PHELPS PL NW,20008,2,1,Common
1829 SWANN ST NW,20009,1,1,Common
1830 M ST NE,20002,2,1,exterior
1831 24TH ST NE,20002,4,1,203
1831 H PL NE,20002,2,1,2
1834 13TH ST NW,20009,2,0,
1834 41ST PL SE,20020,1,0,
1835 H ST NE,20002,1,0,
1836 BRYANT ST NE,20018,1,0,
1837 KENDALL ST NE,20002,8,1,2
1838 C ST SE,20003,2,0,
1839 TULIP ST NW,20012,1,0,
1840 MASSACHUSETTS AVE SE,20003,2,0,
1841 COLUMBIA RD NW,20009,38,12,"203, 205, 401, 414, 418, 509, 716, 809, 810, BSMT, COMMON, trash chut"
1841 LAMONT ST NW,20010,19,2,"1, 3"
1841 M ST NE,20002,3,1,3
1844 2ND ST NW,20001,1,0,
1845 HARVARD ST NW,20009,3,2,"105, 911"
1846 MARYLAND AVE NE,20002,5,1,1
1846 PROVIDENCE ST NE,20002,3,2,"1, 3"
1847 MASSACHUSETTS AVE SE,20003,1,1,6
1848 CAPITOL AVE NE,20002,24,0,
1850 KENDALL ST NE,20002,56,11,"101, 103, 104, 201, 202, ALL, COMMON, EXTERIOR, T1, T2, T3"
1850 U ST SE,20020,14,3,"101, 104, 304"
1854 KENDALL ST NE,20002,36,5,"101, 104, 203, many, Outside"
1859 CORCORAN ST NE,20002,5,3,"EXTERIOR, 1, 3"
1859 TOBIAS DR SE,20020,10,0,
1862 INGLESIDE TER NW,20010,3,1,N/A
1868 CORCORAN ST NE,20002,1,0,
187 35TH ST NE,20019,3,1,3
1876 4TH ST NE,20002,13,1,203
1884 COLUMBIA RD NW,20009,13,1,720
19 42ND ST NE,20019,5,1,203
190 CHESAPEAKE ST SW,20032,12,1,2
1900 16TH ST SE,20020,1,1,202
1900 IRVING ST NE,20018,3,1,103
1900 NAYLOR RD SE,20020,2,0,
1900 SAVANNAH TER SE,20020,21,4,"E, K, L, outside"
1901 C ST SE,20003,2,1,S150
1901 I ST NE,20002,1,1,203
1901 LINCOLN RD NE,20002,1,1,302
1903 LINCOLN RD NE,20002,1,1,302
1904 4TH ST NE,20002,3,1,2
1905 17TH ST SE,20020,5,0,
1905 M ST NE,20002,9,1,2
1905 MARYLAND AVE NE,20002,2,2,"109, 102"
1906 R ST NW,20009,4,4,"4, 5, 7, 10"
1907 15TH ST NW,20009,13,1,33
1907 GOOD HOPE RD SE,20020,2,1,3
1907 MARION BARRY AVE SE,20020,6,1,108
1908 FLORIDA AVE NW,20009,1,1,106
1908 M ST NE,20002,10,2,"4, Common"
1909 23RD ST SE,20020,5,1,142C
1910 13TH ST NW,20009,5,0,
1911 7TH ST NW,20001,2,0,
1911 MARYLAND AVE NE,20002,5,1,101
1913 2ND ST NW,20001,4,0,
1914 4TH ST NE,20002,4,1,2
1915 NORTH CAPITOL ST NE,20002,6,1,B
1916 FREDERICK DOUGLASS CT SE,20020,10,0,
1918 14TH ST SE,20020,1,0,
1918 35TH PL NW,20007,1,0,
1918 E ST NE,20002,6,3,"A, FIRST FL., FIRST FLOO"
1918 I ST NE,20002,5,3,"2, 3, 4"
1919 19TH ST NW,20009,14,2,"102, 304"
1919 T PL SE,20020,2,0,
1920 17TH ST SE,20020,2,0,
1920 9TH ST NW,20001,1,0,
1921 KALORAMA RD NW,20009,2,1,309
1921 ROSEDALE ST NE,20002,7,2,"3, 4"
1922 SUMMIT PL NE,20002,2,1,EXTERIOR
1923 18TH ST SE,20020,2,1,2
1923 NORTH CAPITOL ST NE,20002,10,1,B
1924 16TH ST SE,20020,14,0,
1924 3RD ST NE,20002,7,1,2
1924 TRENTON PL SE,20020,3,0,
1925 M ST NE,20002,7,2,"1, 3"
1930 1ST ST NE,20002,11,0,
1931 CAPITOL AVE NE,20002,1,0,
1934 I ST NE,20002,1,1,4
1941 NAYLOR RD SE,20020,22,3,"EXTR/COMM, 4, 8"
1942 I ST NE,20002,7,1,2
1946 I ST NE,20002,1,0,
1947 H ST NE,20002,1,1,EXTERIOR
1951 T PL SE,20020,2,0,
1957 19TH PL SE,20020,14,1,201
1958 19TH PL SE,20020,1,1,N/A
2 M ST NE,20002,45,13,"303, 323, 405, 422, 628, 725, 916, 917, 1017, 1021, 1208, 1222, ALL UNITS"
20 ANACOSTIA RD SE,20019,4,0,
20 CHESAPEAKE ST SE,20032,7,2,"8, 44"
20 CHESAPEAKE ST SW,20032,4,1,3
200 21ST ST NE,20002,3,1,4
200 35TH ST NE,20019,2,0,
200 K ST NW,20001,2,1,612
200 Q ST NE,20002,1,1,2302
200 VAN BUREN ST NW,20012,5,0,
2000 15TH ST NW,20009,4,1,1
2000 F ST NW,20006,3,3,"102, 503, 505"
2000 N ST NW,20036,6,3,"125, 327, 927"
2001 15TH ST NW,20009,5,1,710
2001 28TH ST SE,20020,7,1,301
2001 MARYLAND AVE NE,20002,17,3,"103, 104, 107"
2002 14TH ST SE,20020,3,0,
2002 SAVANNAH TER SE,20020,2,1,B
2004 38TH ST SE,20020,1,1,COMMON
2004 MARYLAND AVE NE,20002,19,1,106
2005 E ST NE,20002,3,1,3
2007 MARYLAND AVE NE,20002,15,2,"104, 107"
2008 FORT DAVIS ST SE,20020,1,1,202
2008 ROSEDALE ST NE,20002,2,1,1
2009 13TH ST NW,20009,3,0,
2009 2ND ST NE,20002,3,1,4
2009 WYOMING AVE NW,20009,12,3,"B, 2, 3"
201 58TH ST NE,20019,13,3,"48, 119, 237"
201 I ST NE,20002,1,1,ELEVATOR
201 I ST SW,20024,1,1,821
201 Q ST NE,20002,5,3,"3137, 3237, common"
201 TAYLOR ST NW,20011,9,0,
2010 MARYLAND AVE NE,20002,4,1,101
2012 MARYLAND AVE NE,20002,12,1,103
2013 2ND ST NE,20002,1,1,1
2013 M ST NE,20002,1,1,1
2014 MARYLAND AVE NE,20002,26,5,"104, 105, 106, 109, Common"
2016 MARYLAND AVE NE,20002,19,2,"102, 107"
2017 E ST NE,20002,22,1,4
2018 MARYLAND AVE NE,20002,10,4,"102, 104, 106, Common"
2018 NORTH CAPITOL ST NW,20002,3,0,
2020 19TH PL SE,20020,38,5,"102, 104, 105, 107, 303"
2020 E ST NE,20002,1,0,
2020 MARYLAND AVE NE,20002,3,1,102
2020 SHEPHERD ST NE,20018,5,1,2
2022 4TH ST NE,20002,4,1,B
2022 MARYLAND AVE NE,20002,16,1,104
2022 SAVANNAH PL SE,20020,2,0,
2023 4TH ST NE,20002,5,2,"203, 302"
203 N ST SW,20024,12,2,"306, 314"
2030 F ST NW,20006,17,1,809
204 35TH ST NE,20019,5,0,
204 WAYNE PL SE,20032,6,1,202
205 16TH ST NE,20002,3,1,8
205 53RD ST SE,20019,4,1,EXTERIOR
205 61ST ST NE,20019,12,3,"202, 101, 102"
205 K ST SW,20024,1,0,
205 OGLETHORPE ST NW,20011,2,0,
2065 38TH ST SE,20020,4,1,A
207 53RD ST SE,20019,5,1,A
208 36TH ST NE,20019,8,3,"2, 3, 4"
208 KENILWORTH AVE NE,20019,7,1,3D
209 ADAMS ST NE,20002,3,1,Common
21 6TH ST NE,20002,11,6,"102, 103, 304, 401, 402, Common"
21 CHESAPEAKE ST SE,20032,18,4,"103, 203, 204, B1"
21 RIGGS RD NE,20011,2,1,207
2100 15TH ST SE,20020,13,1,106
2100 CHANNING ST NE,20018,15,2,"1, 1B"
2100 FENDALL ST SE,20020,7,1,3
2100 NEW YORK AVE NE,20002,1,0,
2101 2ND ST NE,20002,6,0,
2101 CHAMPLAIN ST NW,20009,2,1,509
2101 M ST NE,20002,6,1,1
2103 H ST NE,20002,3,0,
2109 SUITLAND TER SE,20020,3,1,302
2110 38TH ST SE,20020,3,1,301
2111 18TH ST SE,20020,3,1,203
2111 32ND PL SE,20020,1,0,
2115 NEWPORT PL NW,20037,1,1,B
2116 34TH ST SE,20020,1,0,
2116 YOUNG ST SE,20020,1,0,
2118 KEARNY ST NE,20018,2,0,
212 37TH ST SE,20019,12,0,
212 WAYNE PL SE,20032,7,2,"202, Common"
2120 VERMONT AVE NW,20001,4,0,
2121 1ST ST SW,20024,1,1,645
2122 CALIFORNIA ST NW,20008,3,1,357
2124 13TH ST SE,20020,5,0,
2126 4TH ST NW,20001,6,1,11
2128 FLAGLER PL NW,20001,1,0,
213 20TH ST NE,20002,3,1,3
213 ADAMS ST NE,20002,2,2,"1, 2"
2136 O ST NW,20037,1,1,Common
2143 NEWPORT PL NW,20037,1,1,B
215 FLORIDA AVE NW,20001,5,0,
217 19TH ST NE,20002,1,1,1
217 35TH ST NE,20019,1,1,4
217 K ST NE,20002,7,0,
218 CROMWELL TER NE,20002,5,0,
218 WAYNE PL SE,20032,13,2,"102, Common"
219 50TH ST NE,20019,11,2,"11, 12"
219 55TH ST NE,20019,13,0,
219 FLORIDA AVE NW,20001,4,0,
22 BANNER LN NW,20001,2,2,"930, COMMON"
220 3RD ST SE,20003,4,1,3
220 P ST NW,20001,2,1,5
220 WAYNE PL SE,20032,11,4,"101, 201, Common, G2"
2200 MARTIN LUTHER KING JR AVE SE,20020,1,0,
2200 S ST NW,20008,1,0,
2200 SAVANNAH ST SE,20020,1,1,201
2201 12TH ST NW,20009,4,2,"205, 308"
2201 SAVANNAH ST SE,20020,10,7,"5, 9, 20, 206, 208, 213, 304"
2201 WISCONSIN AVE NW,20007,14,2,"503, 520"
2203 CHANNING ST NE,20018,1,0,
2203 U PL SE,20020,7,0,
2204 40TH PL NW,20007,3,1,Common
2205 16TH ST SE,20020,1,0,
2207 16TH ST SE,20020,2,0,
2207 K ST NW,20037,5,2,"1, 4"
221 20TH ST NE,20002,1,0,
221 DOUGLAS ST NE,20002,1,0,
2210 5TH ST NE,20002,1,0,
2210 ADAMS PL NE,20018,1,1,B
2211 14TH ST NE,20018,1,0,
2214 NICHOLSON ST SE,20020,7,2,"1, 3"
2215 MINNESOTA AVE SE,20020,3,2,"1, 4"
2216 SOUTHERN AVE SE,20020,1,1,16
2217 M ST NE,20002,1,0,
2219 CALIFORNIA ST NW,20008,1,1,54
222 FARRAGUT ST NW,20011,1,1,206
222 M ST SW,20024,2,1,1003
2220 BRYAN PL SE,20020,1,1,203
2220 SAVANNAH TER SE,20020,1,1,21
2221 13TH ST NE,20018,8,0,
2223 36TH ST SE,20020,13,0,
2225 N ST NW,20037,6,5,"125, 228, 324, 328, 432"
2225 R ST SE,20020,7,1,EXTERIOR
2226 16TH ST NE,20018,6,0,
2228 MARTIN LUTHER KING JR AVE SE,20020,4,1,229
223 50TH ST NE,20019,13,1,11
223 56TH ST NE,20019,5,0,
223 ANACOSTIA RD SE,20019,8,1,204
2235 QUINCY ST NE,20018,1,0,
224 58TH ST NE,20019,7,0,
2241 16TH ST NE,20018,2,0,
2245 SAVANNAH TER SE,20020,8,1,G1
225 43RD RD NE,20019,8,1,203
225 I ST NE,20002,2,2,"201, 203"
225 VINE ST NW,20012,1,1,101
2250 12TH ST NW,20009,2,0,
226 57TH ST NE,20019,4,0,
226 Q ST NW,20001,7,1,B
2266 MOUNT VIEW PL SE,20020,4,0,
229 43RD RD NE,20019,6,1,303
229 R ST NW,20001,6,3,"Common, 2, 4"
23 GALVESTON PL SW,20032,2,2,"2, 3"
230 35TH ST NE,20019,1,1,Common
230 MALCOLM X AVE SE,20032,11,1,2
230 RHODE ISLAND AVE NE,20002,12,4,"101, 215, 603, 610"
230 W ST NW,20001,1,0,
2300 GOOD HOPE RD SE,20020,5,1,118
2300 MARION BARRY AVE SE,20020,17,4,"119, 909, 107, 518"
2301 H ST NE,20002,4,1,138
2301 PITTS PL SE,20020,1,1,301
2302 GOOD HOPE RD SE,20020,3,1,102
2303 GOOD HOPE CT SE,20020,5,5,"102, 201, 301, 303, COMM AREAS"
2304 GREEN ST SE,20020,2,1,303
2304 MARION BARRY AVE SE,20020,12,1,3
2305 18TH ST NW,20009,2,1,306
2305 GOOD HOPE CT SE,20020,1,1,102
2308 GREEN ST SE,20020,7,1,104
2309 GOOD HOPE CT SE,20020,7,3,"104, 203, 304"
231 OAKWOOD ST SE,20032,3,1,2
2310 SKYLAND PL SE,20020,4,1,401
2311 ALTAMONT PL SE,20020,4,1,202
2312 40TH ST NW,20007,3,1,4
2312 GREEN ST SE,20020,4,1,203
2312 IRVING ST SE,20020,7,1,1
2313 HARTFORD ST SE,20020,6,1,T1
2315 15TH ST NE,20018,1,0,
2315 HARTFORD ST SE,20020,3,1,201
2315 LINCOLN RD NE,20002,33,4,"4, 6, 11, 201"
2317 GOOD HOPE CT SE,20020,5,1,304
2317 PENNSYLVANIA AVE NW,20037,1,1,Common
232 W ST NW,20001,3,1,23
2321 4TH ST NE,20002,7,1,307
2321 LINCOLN RD NE,20002,55,15,"2, 4, 6, 102, 105, 106, 201, 202, 203, 204, 208, 211, 302, 310, 311"
2322 41ST ST NW,20007,6,1,1
2322 SOUTHERN AVE SE,20020,1,0,
2323 GREEN ST SE,20020,16,1,1
2323 MARTIN LUTHER KING JR AVE SE,20020,3,1,614
2323 PENNSYLVANIA AVE SE,20020,17,3,"215, 415, 510"
2325 15TH ST NW,20009,10,3,"114, 506, B11"
2325 SKYLAND PL SE,20020,3,0,
2326 25TH ST SE,20020,5,0,
2329 HARTFORD ST SE,20020,7,1,2
233 MORGAN ST NW,20001,1,0,
2330 GOOD HOPE RD SE,20020,14,3,"316, 322, 1005"
2330 MARION BARRY AVE SE,20020,30,6,"414, 510, 316, 323, 1002, 1014"
2330 SKYLAND PL SE,20020,4,2,"521, COMMON"
2331 CHESTER ST SE,20020,13,0,
2334 25TH ST SE,20020,1,1,2
2334 IRVING ST SE,20020,16,2,"201, 301"
2335 ALTAMONT PL SE,20020,1,1,205
2338 PITTS PL SE,20020,3,1,301
2347 GREEN ST SE,20020,9,1,2
2348 AINGER PL SE,20020,5,1,A102
235 CARROLL ST NW,20012,1,1,306
235 SAVANNAH ST SE,20032,2,1,A
2350 WASHINGTON PL NE,20018,10,4,"411, 437, 646, Common"
2356 40TH ST NW,20007,14,7,"101, 201, 202, 203, 204, 207, Common"
2359 ONTARIO RD NW,20009,6,1,A3
238 OAKWOOD ST SE,20032,2,1,3
2384 CHAMPLAIN ST NW,20009,2,1,104
2385 RHODE ISLAND AVE NE,20018,2,1,12
2388 CHAMPLAIN ST NW,20009,6,3,"11, com, 5"
239 10TH ST NE,20002,4,0,
24 Q ST NW,20001,1,0,
24 V ST NW,20001,4,1,EXTERIOR
240 M ST SW,20024,1,1,E411
2400 16TH ST NW,20009,2,0,
2400 2ND ST NE,20002,5,0,
2400 ALABAMA AVE SE,20020,12,3,"3, 4, Common"
2400 GOOD HOPE RD SE,20020,5,1,103
2400 M ST NW,20037,8,6,"319, 322, 509, 704, 710, 717"
2400 POMEROY RD SE,20020,3,1,101
2401 ONTARIO RD NW,20009,13,2,"101, 103"
2401 WASHINGTON PL NE,20018,3,1,210
2402 ELVANS RD SE,20020,1,1,103
2404 ELVANS RD SE,20020,4,1,204
2404 POMEROY RD SE,20020,6,1,T1
2406 ELVANS RD SE,20020,4,1,304
2408 18TH ST NW,20009,4,1,2
2409 BRYAN PL SE,20020,4,0,
2410 ELVANS RD SE,20020,1,1,102
2410 GOOD HOPE RD SE,20020,8,2,"2, 104"
2410 MARION BARRY AVE SE,20020,16,2,"COMMON, 2"
2410 MARTIN LUTHER KING JR AVE SE,20020,1,0,
2411 1ST ST NW,20001,4,1,2
2412 AINGER PL SE,20020,1,1,208
2412 ELVANS RD SE,20020,10,1,401
2412 FRANKLIN ST NE,20018,79,28,"107, 110, 111, 114, 201, 203, 205, 210, 213, 216, 219, 305, 307, 319, 406, 410, 412, 413, 420, 513, 518, Common, 311, 402, 419, 501, 504, 510"
2412 HARTFORD ST SE,20020,3,1,303
2412 POMEROY RD SE,20020,1,1,201
2413 18TH PL SE,20020,1,0,
2418 ELVANS RD SE,20020,7,3,"104, 201, 202"
2419 TUNLAW RD NW,20007,1,0,
242 9TH ST NE,20002,3,0,
242 OAKWOOD ST SE,20032,3,2,"1, 4"
2420 12TH ST NE,20018,2,1,303
2420 15TH PL SE,20020,4,1,302
2420 16TH ST NW,20009,15,10,"601, 602, 704, 707, 709, 711, 806, 811, 814, Common"
2420 ELVANS RD SE,20020,13,4,"104, 204, 302, 303"
2422 ELVANS RD SE,20020,2,1,104
2424 ELVANS RD SE,20020,13,5,"201, 202, 203, 204, COMM AREA"
2426 QUEENS CHAPEL RD NE,20018,4,3,"1, 2, 3"
2427 ALABAMA AVE SE,20020,3,1,302
2428 NORTH CAPITOL ST NW,20002,3,0,
243 K ST SW,20024,3,0,
2431 ALABAMA AVE SE,20020,4,1,102
2432 ELVANS RD SE,20020,3,0,
2434 ELVANS RD SE,20020,14,2,"201, 304"
2436 ELVANS RD SE,20020,3,1,102
2446 WAGNER ST SE,20020,7,1,C
246 GALLATIN ST NW,20011,5,0,
2461 P ST NW,20007,5,3,"A, C, D"
247 8TH ST NE,20002,6,1,201
248 HAMILTON ST NW,20011,7,1,1
249 8TH ST NE,20002,1,1,A
249 NICHOLSON ST NE,20011,17,0,
25 42ND ST NE,20019,16,2,"10, 20"
25 SHERIDAN ST NW,20011,1,0,
2500 41ST ST NW,20007,30,4,"1, 2, 4, 5"
2500 POMEROY RD SE,20020,8,2,"202, 304"
2500 Q ST NW,20007,5,1,701
2501 12TH PL SE,20020,44,8,"101, 103, 202, 204, 302, 303, 304, COMMON"
2501 14TH ST NE,20018,1,1,2
2501 25TH ST SE,20020,1,1,305
2501 N ST SE,20019,2,1,110
2501 NAYLOR RD SE,20020,8,1,COMMON
2502 POMEROY RD SE,20020,3,2,"101, 202"
2504 10TH ST NE,20018,49,7,"209, 305, 403, 404, 408, 410, A1"
2505 12TH PL SE,20020,2,1,301
2506 N ST SE,20019,6,2,"2, Common"
2506 POMEROY RD SE,20020,11,2,"102, 203"
2508 POMEROY RD SE,20020,3,1,101
2510 POMEROY RD SE,20020,7,2,"101, 204"
2515 FAIRLAWN AVE SE,20020,2,0,
2516 SHERIDAN RD SE,20020,5,1,118
2517 39TH ST NW,20007,6,3,"302, 303, Common"
2518 13TH ST NW,20009,1,1,2
2520 10TH ST NE,20018,45,5,"10, 23, 40, 49, Common"
2523 SAVANNAH ST SE,20020,5,1,11
2524 17TH ST NW,20009,6,1,106
2524 SOUTHERN AVE SE,20020,2,1,1
2525 33RD ST SE,20020,1,0,
2525 ONTARIO RD NW,20009,4,1,204
2530 14TH ST NE,20018,6,1,3
2532 Q ST NW,20007,3,1,32
2536 SOUTHERN AVE SE,20020,6,1,13
254 37TH PL SE,20019,2,0,
2545 ELVANS RD SE,20020,1,1,201
2547 ELVANS RD SE,20020,9,2,"102, 203"
2549 ELVANS RD SE,20020,1,1,101
255 V ST NW,20001,11,2,"22, 23"
2555 ELVANS RD SE,20020,4,1,404
2585 NAYLOR RD SE,20020,10,1,203
26 GALVESTON PL SW,20032,5,1,5E
26 R ST NW,20001,16,2,"1, B1"
2600 NAYLOR RD SE,20020,21,1,203
2601 29TH ST SE,20020,9,1,2
2604 29TH ST SE,20020,4,2,"103, 203"
2605 FRANKLIN ST NE,20018,1,0,
2606 18TH ST SE,20020,1,1,D
2607 BOWEN RD SE,20020,18,6,"10, 30, 103, 201, 202, 204"
2608 UNIVERSITY PL NW,20009,11,3,"2, 5, 7"
2608 WADE RD SE,20020,1,1,304
2609 29TH ST SE,20020,17,1,4
2609 30TH ST SE,20020,4,1,EXTERIOR
2609 BOWEN RD SE,20020,4,1,103
2610 WADE RD SE,20020,2,1,106
2611 ADAMS MILL RD NW,20009,1,1,COMMON
2611 BOWEN RD SE,20020,28,7,"2, 20, 30, 101, 102, 104, 203"
2611 MYRTLE AVE NE,20018,1,0,
2612 SHERMAN AVE NW,20001,2,0,
2614 NAYLOR RD SE,20020,9,1,202
2615 BLADENSBURG RD NE,20018,27,6,"203, 305, 307, 308, 401, 505"
2615 BOWEN RD SE,20020,1,1,20
2615 MARTIN LUTHER KING JR AVE SE,20020,1,1,202
2617 42ND ST NW,20007,2,1,4
2619 BLADENSBURG RD NE,20018,11,5,"204, 207, 303, 408, COMMON"
2619 BOWEN RD SE,20020,22,7,"10, 30, 102, 103, 201, 202, Common"
2620 29TH ST SE,20020,6,0,
2622 41ST ST NW,20007,1,1,2
2625 BOWEN RD SE,20020,12,5,"2, 3, 10, 30, 40"
2626 10TH ST NE,20018,3,0,
2628 TUNLAW RD NW,20007,1,1,109
2629 BOWEN RD SE,20020,8,5,"2, 20, 101, 103, 104"
2630 6TH ST NE,20017,2,1,EXTERIOR
2631 BOWEN RD SE,20020,1,1,103
2632 MARTIN LUTHER KING JR AVE SE,20020,24,3,"119, 209, 304"
2634 TUNLAW RD NW,20007,1,1,B1
2635 12TH ST NE,20018,1,1,1B
2637 30TH ST SE,20020,8,3,"1, 3, 201"
2640 WADE RD SE,20020,9,1,33
2649 BOWEN RD SE,20020,1,0,
2649 DOUGLASS RD SE,20020,2,1,203
2649 PARK PL SE,20020,7,2,"104, 202"
2649 Q ST SE,20020,8,3,"201, 203, Common"
2652 MARTIN LUTHER KING JR AVE SE,20020,66,10,"104, 208, 215, 216, 305, 404, Common, L13, LB4, com/area"
2653 DOUGLASS RD SE,20020,4,1,302
2655 41ST ST NW,20007,1,1,EXTERIOR
2661 STANTON RD SE,20020,1,1,103
2675 DOUGLASS RD SE,20020,1,1,302
27 42ND ST NE,20019,14,2,"30, 101"
27 FRANKLIN ST NE,20002,1,0,
27 O ST NW,20001,16,2,"106, 326"
27 SHERIDAN ST NE,20011,1,0,
2700 JASPER ST SE,20020,5,3,"214, 251, B26"
2701 NORTH CAPITOL ST NE,20002,4,0,
2701 Q ST SE,20020,3,1,205
2701 R ST SE,20020,4,1,106
2702 Q ST SE,20020,9,1,204
2704 30TH ST SE,20020,8,1,A327
2704 31ST ST SE,20020,8,1,A631
2706 ONTARIO RD NW,20009,1,1,2
2709 WISCONSIN AVE NW,20007,8,0,
271 G ST SW,20024,2,0,
2710 SHERIDAN RD SE,20020,1,1,3
2711 29TH ST SE,20020,7,1,B221
2712 SHERMAN AVE NW,20001,2,0,
2713 MINNESOTA AVE SE,20019,6,0,
2715 CORTLAND PL NW,20008,25,3,"22, 25, 3"
2715 SHIPLEY TER SE,20020,6,1,4
2715 TERRACE RD SE,20020,6,1,B290
2717 ORDWAY ST NW,20008,3,1,4
2725 CONNECTICUT AVE NW,20008,9,2,"703, 608"
2725 SHIPLEY TER SE,20020,2,1,6
2727 ADAMS MILL RD NW,20009,3,2,"303, BUILDING P"
2727 FAIRLAWN AVE SE,20019,3,1,107
2727 SHIPLEY TER SE,20020,1,1,3
2728 BRUCE PL SE,20020,3,0,
2728 LANGSTON PL SE,20020,2,1,303
2729 TERRACE RD SE,20020,4,1,B344
2731 4TH ST NE,20002,1,0,
2738 BRUCE PL SE,20020,8,0,
2747 LANGSTON PL SE,20020,2,0,
2750 14TH ST NW,20009,1,1,COMMON
2755 ORDWAY ST NW,20008,3,1,513
28 GALVESTON PL SW,20032,3,1,A
28 UNDERWOOD PL NE,20012,1,0,
2800 14TH ST NW,20009,2,1,203
2800 16TH PL NE,20018,3,1,1
2800 JASPER RD SE,20020,15,3,"101, 202, 203"
2800 N ST SE,20019,3,1,101
2800 QUEBEC ST NW,20008,53,26,"602, 610, 653, 656, 703, 707, 931, 1048, 1111, 1130, 1133, 1135, 1137, 1140, 1151, 1154, 1203, 1210, 1223, 1231, 1238, 1241, 1250, 1251, 1253, Common"
2800 SHIPLEY TER SE,20020,5,1,101
2800 TERRACE RD SE,20020,9,1,B536
2800 TEXAS AVE SE,20020,1,1,1
2800 WISCONSIN AVE NW,20007,2,1,COMMON
2801 15TH ST NW,20009,12,2,"207, 304"
2801 31ST ST SE,20020,14,1,B564
2801 ALABAMA AVE SE,20020,1,0,
2801 JASPER ST SE,20020,11,1,2
2801 QUEBEC ST NW,20008,10,1,433
2802 14TH ST NW,20009,5,1,301
2802 GEORGIA AVE NW,20001,2,0,
2802 JASPER RD SE,20020,1,1,304
2803 31ST ST SE,20020,10,2,"560C, C560"
2803 Q ST SE,20020,1,1,2
2804 ERIE ST SE,20020,1,1,B14
2804 GAINESVILLE ST SE,20020,2,2,"1, 2"
2804 JASPER RD SE,20020,28,1,102
2804 TERRACE RD SE,20020,1,0,
2806 14TH ST NW,20009,6,2,"101, 102"
2806 JASPER RD SE,20020,9,3,"402, 403, COMMON"
2806 N ST SE,20019,4,2,"201, 301"
2806 POMEROY RD SE,20020,5,2,"1, 3"
2807 31ST ST SE,20020,1,1,B550
2807 BRANCH AVE SE,20020,16,0,
2808 JASPER RD SE,20020,3,1,402
2808 POMEROY RD SE,20020,3,1,2
2809 NAYLOR RD SE,20020,2,1,B812
2810 5TH ST SE,20032,20,2,"302, B1"
2810 ERIE ST SE,20020,2,1,28
2810 SHIPLEY TER SE,20020,19,2,"101, 102"
2811 5TH ST NE,20017,1,0,
2812 ERIE ST SE,20020,6,1,C35
2812 POMEROY RD SE,20020,17,1,4
2812 TERRACE RD SE,20020,4,1,A470
2813 BUENA VISTA TER SE,20020,2,1,3
2814 ERIE ST SE,20020,1,1,C-46
2815 MINNESOTA AVE SE,20019,1,1,1
2815 TERRACE RD SE,20020,4,1,A420
2816 GEORGIA AVE NW,20001,1,1,EXTERIOR
2817 31ST ST SE,20020,2,1,511
2818 28TH ST SE,20020,1,0,
2818 ERIE ST SE,20020,4,1,A51
2819 MINNESOTA AVE SE,20019,1,1,2
2820 PENNSYLVANIA AVE SE,20020,25,5,"104, 204, 206, B1, COMMON"
2820 R ST SE,20020,1,0,
2820 SHIPLEY TER SE,20020,2,1,Common
2824 BUENA VISTA TER SE,20020,21,1,1
2825 ROBINSON PL SE,20020,3,1,1
2826 28TH ST SE,20020,5,1,4
2829 CONNECTICUT AVE NW,20008,6,1,103
2830 FORT BAKER DR SE,20020,7,0,
2830 ROBINSON PL SE,20020,5,2,"203, 401"
2832 ROBINSON PL SE,20020,2,1,402
2834 Q ST SE,20020,3,1,303
2835 GAINESVILLE ST SE,20020,18,3,"104, 304, COMMON"
2836 ROBINSON PL SE,20020,9,2,"204, 304"
2837 28TH ST SE,20020,6,1,1
2840 LANGSTON PL SE,20020,13,4,"201, B1, COMM AREAS, COMMON"
2840 MYRTLE AVE NE,20018,1,0,
2841 GAINESVILLE ST SE,20020,2,2,"COMMON, Exterior"
2844 HARTFORD ST SE,20020,13,3,"203, 102, 104"
2844 LANGSTON PL SE,20020,41,4,"201, 203, B1, COMMON"
2844 WISCONSIN AVE NW,20007,2,1,203
2847 GAINESVILLE ST SE,20020,1,1,Exterior
2850 HARTFORD ST SE,20020,14,2,"103, 101"
2850 LANGSTON PL SE,20020,13,3,"2B, 201, COMMON"
2851 ROBINSON PL SE,20020,4,0,
2859 DENVER ST SE,20020,1,1,1
2891 HARTFORD ST SE,20020,4,1,B
2900 14TH ST NW,20009,6,3,"317/417, 613, COMMON"
2900 NASH PL SE,20019,2,1,1
2900 NELSON PL SE,20019,5,1,4
2901 NASH PL SE,20019,4,1,1
2901 NELSON PL SE,20019,21,5,"1, 2, 3, 4, Common"
2904 CARLTON AVE NE,20018,1,0,
2904 ERIE ST SE,20020,10,2,"A171, B176"
2905 NASH PL SE,20019,9,4,"1, 2, 3, 4"
2907 GAINESVILLE ST SE,20020,1,1,Exterior
2908 LANGSTON PL SE,20020,20,5,"201, 202, 301, 302, COMMON"
2910 CLINTON ST NE,20018,1,0,
2912 5TH ST SE,20032,1,1,EXTERIOR
2912 LANGSTON PL SE,20020,22,3,"204, 302, COMMON"
2913 KNOX PL SE,20020,19,2,"102, COMMON"
2913 M ST NW,20007,1,1,Common
2915 CONNECTICUT AVE NW,20008,6,4,"504, 505, 506, Common"
2916 NASH PL SE,20019,1,1,2
2920 2ND ST SE,20032,2,1,Common
2920 8TH ST NE,20017,1,1,3
2920 LANGSTON PL SE,20020,26,4,"102, 203, 204, COMMON"
2920 PENNSYLVANIA AVE SE,20020,5,0,
2921 PENNSYLVANIA AVE SE,20020,5,3,"1, 2, 4"
2922 PENNSYLVANIA AVE SE,20020,2,0,
2924 NELSON PL SE,20019,9,2,"1, 4"
2926 K ST SE,20019,1,1,3
2926 KNOX PL SE,20020,3,1,102
2927 HILLCREST DR SE,20020,28,1,Single Fam
2928 NASH PL SE,20019,4,2,"2, 4"
2928 SOUTHERN AVE SE,20020,15,2,"2, 4"
2929 PENNSYLVANIA AVE SE,20020,3,1,101
2930 KNOX PL SE,20020,3,1,106
2936 NASH PL SE,20019,17,2,"2, 4"
2940 NASH PL SE,20019,3,1,1
2950 2ND ST SE,20032,11,3,"13, 31, Common"
2955 NELSON PL SE,20019,2,1,4
2960 2ND ST SE,20032,1,1,21
2960 MILLS AVE NE,20018,3,1,COMMON
30 DANBURY ST SE,20032,3,1,1
30 RIDGE SQ NW,20016,1,1,COMMON
300 37TH ST SE,20019,6,2,"204, 401"
300 3RD ST NE,20002,4,2,"3, 101"
300 56TH ST NE,20019,2,1,10
300 HAMILTON ST NE,20011,8,4,"312, 313, 416, 421"
300 L ST NE,20002,1,1,405
300 M ST NE,20002,1,0,
300 NEAL PL NE,20002,1,1,810
300 SOUTH CAROLINA AVE SE,20003,1,0,
300 TAYLOR ST NE,20017,3,2,"24L, 32L"
3000 CONNECTICUT AVE NW,20008,1,0,
3000 NELSON PL SE,20019,1,1,Exterior
3001 BLADENSBURG RD NE,20018,9,3,"211, 303, 621"
3001 V ST NE,20018,1,0,
3002 GAINESVILLE ST SE,20020,3,1,B383
3002 RODMAN ST NW,20008,1,1,306
3003 VAN NESS ST NW,20008,187,61,"2nd fl lau, 3rd fl lau, COMMON, Common, common, COMMON WG2, Elevator, S124, S222, S223, S315, S321, S413, S704, S707, S808, S902, S1101, S-922, W111, W112, W228, W233, W312, W313, W318, W322, W327, W331, W333, W401, W406, W409, W412, W424, W427, W428, W430, W501, W502, W530, W706, W714, W808, W809, W812, W815, W819, W828, W932, W1014, W1029, W1032, W1108, W1112, W1113, W1115, W1121, W1124, W1125, W1126"
3004 NELSON PL SE,20019,2,1,4
3005 BLADENSBURG RD NE,20018,5,2,"209, 317"
3008 NELSON PL SE,20019,6,2,"3, 4"
301 34TH ST SE,20019,3,1,2
301 37TH ST SE,20019,11,1,302
301 56TH ST NE,20019,2,1,2
301 G ST SW,20024,8,3,"102, 523, 831"
301 P ST NW,20001,2,0,
301 TINGEY ST SE,20003,10,3,"108, 420, 430"
3010 V PL SE,20020,1,1,House
3011 20TH ST NE,20018,1,0,
3012 GAINESVILLE ST SE,20020,7,1,A446
3012 NELSON PL SE,20019,7,1,2
3015 24TH PL SE,20020,2,1,2
3018 GAINESVILLE ST SE,20020,7,1,C481
3019 MASSACHUSETTS AVE SE,20019,8,1,2
302 D ST NE,20002,3,1,BSMT
302 LIVINGSTON TER SE,20032,1,1,4
3020 GAINESVILLE ST SE,20020,2,1,B485
3023 14TH ST NW,20009,20,7,"105, 202, 314, 402, 408, 503, 607"
3023 MASSACHUSETTS AVE SE,20019,3,1,4
3027 11TH ST NW,20001,2,0,
3028 NELSON PL SE,20019,11,1,1
3033 16TH ST NW,20009,1,1,307
3035 STANTON RD SE,20020,16,2,"202, 204"
3037 STANTON RD SE,20020,6,1,204
304 63RD ST NE,20019,3,0,
3040 MONROE ST NE,20018,13,0,
3044 STANTON RD SE,20020,1,1,101
305 34TH ST SE,20019,3,1,3
305 35TH ST NE,20019,9,0,
305 9TH ST NE,20002,2,1,2
305 K ST NE,20002,1,0,
3050 PINEVIEW CT NE,20018,3,0,
3051 IDAHO AVE NW,20016,1,1,308
3053 P ST SE,20020,5,0,
3055 16TH ST NW,20009,8,2,"401, 603"
3056 STANTON RD SE,20020,7,1,2A
306 37TH ST SE,20019,7,1,304
306 EVARTS ST NE,20002,9,1,206
3060 STANTON RD SE,20020,9,2,"303, 304"
3064 30TH ST SE,20020,10,1,4
3064 STANTON RD SE,20020,4,3,"104, 302, 304"
3068 30TH ST SE,20020,7,1,5
3068 STANTON RD SE,20020,6,1,101
307 K ST NW,20001,12,3,"216, 715, Plaza West"
3072 STANTON RD SE,20020,7,2,"1A, 103"
3076 STANTON RD SE,20020,1,1,102
308 T ST NE,20002,1,1,B
3080 STANTON RD SE,20020,8,1,301
3082 STANTON RD SE,20020,1,1,103
3086 STANTON RD SE,20020,4,1,304
3088 STANTON RD SE,20020,6,2,"102, Common"
3092 STANTON RD SE,20020,10,1,202
3098 STANTON RD SE,20020,2,1,102
31 CHESAPEAKE ST SE,20032,4,1,303
310 TAYLOR ST NE,20017,3,1,13M
3100 WARDER ST NW,20010,19,5,"1, 11, 21, 36, Common"
3101 14TH ST NW,20010,1,0,
3101 24TH ST SE,20020,9,1,A
3101 35TH ST NE,20018,1,0,
3105 DOUGLAS ST NE,20018,2,0,
3105 G ST SE,20019,9,1,1
3105 GEORGIA AVE NW,20010,2,1,2
3109 HAWTHORNE ST NW,20008,5,0,
311 3RD ST NE,20002,3,2,"2, Common"
311 CRITTENDEN ST NW,20011,1,1,Common
311 DIVISION AVE NE,20019,28,5,"102, 104, 202, 301, 302"
3119 13TH ST NE,20017,2,0,
3119 SOUTH DAKOTA AVE NE,20018,1,0,
3120 16TH ST NW,20010,30,4,"1, 3, 4, 32"
3120 P ST SE,20020,1,0,
3126 16TH ST NW,20010,4,3,"4, 16, B1"
3126 E ST SE,20019,8,2,"1, 3"
3126 RITTENHOUSE ST NW,20015,4,0,
3129 BUENA VISTA TER SE,20020,12,2,"3, 2"
313 ALLISON ST NW,20011,2,0,
3130 BUENA VISTA TER SE,20020,1,1,6
3132 16TH ST NW,20010,65,6,"507, 606, 607, 804, 306, 501"
3134 17TH ST NW,20010,2,0,
3140 WISCONSIN AVE NW,20016,10,2,"102, 314"
3141 N ST NW,20007,5,1,A
3146 16TH ST NW,20010,1,1,103
3146 BUENA VISTA TER SE,20020,3,1,6
315 FRANKLIN ST NE,20002,14,1,307
3150 16TH ST NW,20010,2,2,"47, 52"
3153 HAWTHORNE DR NE,20017,2,0,
316 2ND ST SE,20003,2,0,
316 62ND ST NE,20019,1,0,
316 F ST NE,20002,1,1,106
316 K ST NE,20002,4,1,SFD
3160 PENNSYLVANIA AVE SE,20020,1,0,
3162 BUENA VISTA TER SE,20020,2,1,4
317 KENTUCKY AVE SE,20003,9,4,"1, 2, 3, 4"
317 ROCK CREEK CHURCH RD NW,20011,2,1,SHED
318 15TH ST NE,20002,1,0,
318 ATLANTIC ST SE,20032,3,1,Common
318 I ST NE,20002,2,1,508
319 3RD ST SE,20003,12,2,"1, 3"
319 BURNS ST SE,20019,3,0,
319 I ST NE,20002,1,0,
319 MADISON ST NW,20011,7,0,
319 QUINTANA PL NE,20011,3,0,
320 ATLANTIC ST SE,20032,2,1,2
3200 E ST SE,20019,16,5,"1A, 1B, 2B, Common, G3"
3201 WISCONSIN AVE NW,20016,1,1,108
3205 D ST SE,20019,3,1,2
3208 10TH ST NE,20017,5,0,
3209 BUENA VISTA TER SE,20020,3,1,4
3210 WISCONSIN AVE NW,20016,5,4,"306, 501, 502, 803"
3213 DUBOIS PL SE,20019,5,3,"1, 2, 3"
3215 O ST NW,20007,13,7,"2, 4, 6, 8, 1, 3, 5"
3217 CONNECTICUT AVE NW,20008,2,1,EXTERIOR
3218 WISCONSIN AVE NW,20016,12,1,B1
3219 GEORGIA AVE NW,20010,11,0,
3220 12TH ST NE,20017,63,13,"2, 3, 6, 12, 13, 14, 15, 18, 23, 26, 27, 28, Common"
3220 CONNECTICUT AVE NW,20008,7,1,301
3220 ELY PL SE,20019,15,0,
3221 MASSACHUSETTS AVE SE,20019,2,1,4
3221 WHEELER RD SE,20032,1,1,COMMON
3223 M ST NW,20007,1,0,
3224 E ST SE,20019,2,0,
3226 N ST NW,20007,3,2,"2, Common"
323 UPSHUR ST NW,20011,5,0,
3234 38TH ST NW,20016,6,0,
324 37TH ST SE,20019,10,2,"101, 301"
324 61ST ST NE,20019,11,1,7
3248 JONES CT NW,20007,1,1,Garage/All
325 DELAFIELD PL NW,20011,2,1,2
325 FRANKLIN ST NE,20002,4,1,110
325 MORSE ST NE,20002,6,1,201
325 P ST SW,20024,25,5,"612, 810, 910, 1004, 1010"
327 ANACOSTIA RD SE,20019,1,1,K25
3270 15TH PL SE,20020,2,0,
3275 15TH PL SE,20020,6,1,202
328 RALEIGH ST SE,20032,5,0,
329 ANACOSTIA RD SE,20019,1,1,L41
329 DELAFIELD PL NW,20011,35,1,2
3298 FORT LINCOLN DR NE,20018,3,1,416
330 RHODE ISLAND AVE NE,20002,1,0,
3301 C ST SE,20019,1,1,200
3304 6TH ST SE,20032,1,1,103
3305 8TH ST NE,20017,18,8,"108, 207, 308, 402, 405, 406, #302, exterior"
3308 WARDER ST NW,20010,2,0,
331 N ST NE,20002,1,0,
3310 27TH ST NW,20008,4,1,6
3311 10TH PL SE,20032,12,3,"103, 203, T4"
3312 SHERMAN AVE NW,20010,3,1,3
3313 10TH PL SE,20032,11,1,T3
3314 14TH PL SE,20032,1,1,201
3314 EAST CAPITOL ST NE,20019,1,1,A
3316 WHEELER RD SE,20032,12,3,"104, 204, T2"
3317 15TH ST SE,20032,3,1,2
3318 13TH ST SE,20032,1,1,101
3318 ELY PL SE,20019,5,1,3
3318 VOLTA PL NW,20007,9,1,2
3320 14TH PL SE,20032,12,1,101
3320 QUEBEC PL NW,20008,1,0,
3320 WHEELER RD SE,20032,1,1,103
3322 14TH ST NW,20010,1,1,213
3323 10TH PL SE,20032,7,2,"101, 102"
3323 CROFFUT PL SE,20019,1,0,
3324 14TH PL SE,20032,7,1,201
3324 WHEELER RD SE,20032,1,1,201
3325 MARTIN LUTHER KING JR AVE SE,20032,3,2,"3, 6"
3328 14TH PL SE,20032,13,1,101
3329 ALDEN PL NE,20019,10,0,
3329 CROFFUT PL SE,20019,1,0,
333 18TH ST NE,20002,7,0,
3330 4TH ST SE,20032,4,1,204
3330 AMES ST NE,20019,4,0,
3332 14TH PL SE,20032,15,1,301
3333 N ST NW,20007,3,1,5
3340 6TH ST SE,20032,1,1,103
3344 6TH ST SE,20032,3,1,102
335 18TH ST NE,20002,2,0,
335 35TH ST NE,20019,5,0,
3350 17TH ST NW,20010,1,1,COMMON
3352 18TH ST NW,20010,1,1,B
3355 16TH ST NW,20010,66,25,"102, 103, 106, 201, 206, 212, 301, 304, 404, 405, 409, 503, 507, 509, 510, 602, 603, 605, 608, 609, 611, 708, 801, 803, 401"
336 37TH ST SE,20019,2,1,304
336 63RD ST NE,20019,4,1,102
337 DELAFIELD PL NW,20011,3,1,1
337 H ST NE,20002,1,1,A
3389 HIGHVIEW TER SE,20020,1,0,
339 17TH ST SE,20003,13,1,2
340 TAYLOR ST NE,20017,4,3,"13P, 14P, 44P"
3400 BANNEKER DR NE,20018,2,1,411
3400 COMMODORE JOSHUA BARNEY DR NE,20018,2,2,"313E, W414"
3401 13TH PL SE,20032,22,3,"101, 203, 304"
3402 13TH PL SE,20032,3,1,104
3402 15TH ST SE,20032,3,1,108
3404 19TH ST SE,20020,4,0,
3406 13TH PL SE,20032,12,3,"104, 203, 304"
3407 13TH PL SE,20032,12,1,102
3408 13TH PL SE,20032,23,3,"103, 104, 301"
3409 13TH PL SE,20032,14,2,"201, 301"
3409 18TH ST SE,20020,1,1,B1
341 34TH PL NE,20019,9,0,
3412 13TH PL SE,20032,19,4,"101, 102, 201, 302"
3415 CLAY ST NE,20019,8,0,
3416 13TH PL SE,20032,4,1,104
3417 STANTON RD SE,20020,13,0,
3417 WOODLEY RD NW,20016,1,0,
3418 13TH PL SE,20032,25,3,"101, 102, 203"
3419 STANTON RD SE,20020,9,0,
3420 25TH ST SE,20020,1,1,2
3421 B ST SE,20019,3,0,
3424 11TH PL SE,20032,5,1,103
3424 B ST SE,20019,33,1,103
3427 STANTON RD SE,20020,2,0,
3429 5TH ST SE,20032,3,2,"23, 32"
3429 B ST SE,20019,2,1,2
343 RALEIGH ST SE,20032,3,1,4
3432 CONNECTICUT AVE NW,20008,2,1,25
3435 BROWN ST NW,20010,5,1,25
3435 HOLMEAD PL NW,20010,3,2,"118, 209"
3435 STANTON RD SE,20020,3,0,
3443 22ND ST SE,20020,2,0,
3446 DIX ST NE,20019,12,0,
3450 EADS ST NE,20019,3,1,214
3459 MINNESOTA AVE SE,20019,2,1,304
3460 14TH ST NW,20010,13,6,"23, 46, 212, 256, 310, 312"
3463 24TH ST SE,20020,4,0,
3463 MINNESOTA AVE SE,20019,1,1,4
3465 MINNESOTA AVE SE,20019,7,1,2
3466 22ND ST SE,20020,1,0,
3469 22ND ST SE,20020,4,0,
3479 STANTON RD SE,20020,3,0,
3485 22ND ST SE,20020,3,0,
3487 STANTON RD SE,20020,3,0,
3488 22ND ST SE,20020,2,0,
3491 STANTON RD SE,20020,4,0,
3499 22ND ST SE,20020,2,0,
35 FORRESTER ST SW,20032,3,2,"2, 3"
35 PARKER ROW SW,20024,5,2,"1170, 1159"
35 T ST NE,20002,18,2,"1, 2"
350 MAPLE DR SW,20024,1,0,
350 TAYLOR ST NE,20017,2,1,12Q
3500 14TH ST NW,20010,10,5,"420, 425, 503, 530, Common"
3500 MINNESOTA AVE SE,20019,3,1,2
3501 13TH ST NW,20010,6,1,202
3501 JAY ST NE,20019,6,1,102
3502 7TH ST SE,20032,10,1,1
3502 COMMODORE JOSHUA BARNEY DR NE,20018,6,1,303
3503 JAY ST NE,20019,1,1,203
3503 STANTON RD SE,20020,2,0,
3504 7TH ST SE,20032,2,1,1
3504 MINNESOTA AVE SE,20019,6,1,1
3505 AMES ST NE,20019,2,1,204
3506 6TH ST SE,20032,2,0,
3507 22ND ST SE,20020,6,0,
3509 AMES ST NE,20019,5,1,101
3509 JAY ST NE,20019,9,2,"102, 202"
3510 BROTHERS PL SE,20032,4,2,"2, Common"
3510 MINNESOTA AVE SE,20019,5,1,3
3511 EAST CAPITOL ST SE,20019,6,3,"103, 201, 301"
3511 JAY ST NE,20019,1,1,202
3512 CLAY PL NE,20019,1,1,3
3513 13TH ST NW,20010,1,1,B1
3513 AMES ST NE,20019,7,2,"101, 204"
3515 14TH ST NW,20010,1,0,
3515 18TH ST SE,20020,7,0,
3517 BROTHERS PL SE,20032,6,1,4
3517 EAST CAPITOL ST SE,20019,5,3,"101, 202, 303"
3517 STANTON RD SE,20020,3,1,3517
3518 22ND ST SE,20020,5,0,
3518 STANTON RD SE,20020,3,1,area s
3519 MINNESOTA AVE SE,20019,8,1,203
3519 R ST NW,20007,7,0,
3520 COMMODORE JOSHUA BARNEY DR NE,20018,1,1,104
3521 AMES ST NE,20019,8,1,203
3521 NEW HAMPSHIRE AVE NW,20010,1,0,
3523 JAY ST NE,20019,5,1,201
3524 A ST SE,20019,7,2,"101, 102"
3524 CLAY PL NE,20019,10,1,3
3525 DAVENPORT ST NW,20008,2,1,309
3525 EAST CAPITOL ST SE,20019,1,1,201
3527 STANTON RD SE,20020,1,0,
3531 JAY ST NE,20019,15,3,"202, 302, Common"
3533 A ST SE,20019,4,1,302
3533 AMES ST NE,20019,5,1,104
3534 EAST CAPITOL ST NE,20019,48,17,"104, 117, 128, 138, 209, 212, 215, 216, 226, 403, 408, 422, 426, 432, 444, 451, 214"
3535 18TH ST SE,20020,14,0,
3537 18TH ST SE,20020,5,0,
3537 HIGHWOOD DR SE,20020,2,0,
3538 6TH ST NW,20010,6,3,"1, 3, Common"
3539 JAY ST NE,20019,10,3,"104, Common, 204"
3541 HIGHWOOD DR SE,20020,3,0,
3542 22ND ST SE,20020,9,0,
3542 WARDER ST NW,20010,3,1,101
3547 EAST CAPITOL ST SE,20019,3,1,203
3549 JAY ST NE,20019,7,1,101
355 L ST SE,20003,3,0,
3551 JAY ST NE,20019,9,1,101
3553 JAY ST NE,20019,7,2,"202, 203"
3559 18TH ST SE,20020,5,0,
3560 FORT LINCOLN DR NE,20018,1,0,
3564 STANTON RD SE,20020,3,0,
3567 18TH ST SE,20020,2,0,
3575 STANTON RD SE,20020,7,0,
3577 STANTON RD SE,20020,17,0,
3578 HAYES ST NE,20019,7,2,"102, 204"
3584 HAYES ST NE,20019,7,2,"201, 204"
3586 HAYES ST NE,20019,3,1,303
3594 HAYES ST NE,20019,1,1,302
36 GALVESTON ST SW,20032,1,1,302
3600 22ND ST SE,20020,2,0,
3600 28TH ST NE,20018,1,0,
3600 B ST SE,20019,11,2,"220, 317"
3601 26TH ST NE,20018,4,0,
3604 22ND ST SE,20020,2,0,
3604 SOUTHERN AVE SE,20020,3,0,
3605 MINNESOTA AVE SE,20019,2,1,307
3609 14TH ST NW,20010,10,0,
3613 22ND ST SE,20020,1,0,
3615 B ST SE,20019,9,1,101
3620 16TH ST NW,20010,177,33,"101, 103, 104, 111, 112, 114, 204, 206, 207, 209, 214, 301, 302, 303, 304, 306, 309, 311, 314, 402, 403, 409, 410, 411, 414, 502, 503, 508, 511, 512, 602, 606, Common"
3625 22ND ST SE,20020,4,0,
3630 BROTHERS PL SE,20032,18,4,"101, 204, 301, T2"
3631 22ND ST SE,20020,3,0,
3632 BROTHERS PL SE,20032,9,2,"103, T1"
3638 22ND ST SE,20020,5,0,
3639 MARTIN LUTHER KING JR AVE SE,20032,48,8,"1, 5, 6, 7, 8, 9, 11, COMMON"
364 BURBANK ST SE,20019,6,0,
3644 22ND ST SE,20020,5,0,
3645 SAINT MARYS PL NW,20007,8,1,B
3653 22ND ST SE,20020,6,0,
3654 NEW HAMPSHIRE AVE NW,20010,64,11,"2, 4, 5, 21, 22, 23, 24, 26, 29, 31, Common"
3666 22ND ST SE,20020,14,0,
3670 HAYES ST NE,20019,10,1,203
3680 HAYES ST NE,20019,9,1,204
3688 HAYES ST NE,20019,8,1,102
3690 HAYES ST NE,20019,4,1,203
3693 JAY ST NE,20019,8,4,"201, 302, 304, Common"
370 TAYLOR ST NE,20017,13,3,"13S, 24S, 43S"
3700 9TH ST SE,20032,8,3,"631, 917, 1022"
3701 4TH ST SE,20032,9,1,A
3701 CONNECTICUT AVE NW,20008,2,1,403
3701 MASSACHUSETTS AVE NW,20016,5,2,"310, 601"
3706 MASSACHUSETTS AVE NW,20016,12,0,
3707 4TH ST SE,20032,3,1,D
3707 WOODLEY RD NW,20016,1,1,2
3709 NEW HAMPSHIRE AVE NW,20010,5,0,
3710 2ND ST SE,20032,1,1,B
3713 4TH ST SE,20032,4,1,C
3713 WINFIELD LN NW,20007,5,0,
3714 HAYES ST NE,20019,6,1,102
3715 35TH ST NW,20016,1,0,
3720 1ST ST SE,20032,8,2,"101, 303"
3720 D ST SE,20019,7,1,301
3720 ELY PL SE,20019,1,1,202
3721 JAY ST NE,20019,5,1,6
3723 D ST SE,20019,10,1,101
3725 JAY ST NE,20019,4,1,3
3728 HAYES ST NE,20019,1,1,3
3730 1ST ST SE,20032,7,2,"102, 201"
3733 BENTON ST NW,20007,1,0,
3736 1ST ST SE,20032,1,1,Common
3738 HAYES ST NE,20019,5,1,2
3739 HORNER PL SE,20032,1,0,
3740 12TH ST NE,20017,1,0,
3747 MINNESOTA AVE NE,20019,1,1,Common
3748 1ST ST SE,20032,4,1,3
3750 JAMISON ST NE,20018,42,16,"130, 202, 210, 301, 356, 357, 359, 407, 415, 423, 430, 447, 451, 454, 460, 528"
3751 MINNESOTA AVE NE,20019,12,2,"3, 4"
3754 HAYES ST NE,20019,8,2,"6, BSMT"
3755 JAY ST NE,20019,2,1,1
3760 MINNESOTA AVE NE,20019,14,3,"210, 411, 606"
3769 JAY ST NE,20019,3,1,5
3794 MARTIN LUTHER KING JR AVE SE,20032,1,1,100
38 GALVESTON ST SW,20032,4,1,302
38 R ST NE,20002,1,1,B
380 37TH PL SE,20019,4,1,102
3800 NEW HAMPSHIRE AVE NW,20011,2,1,501
3800 SOUTH CAPITOL ST SE,20032,4,3,"201, 301, Common"
3801 BLAINE ST NE,20019,3,0,
3802 SOUTH CAPITOL ST SE,20032,11,2,"103, 301"
3804 SOUTH CAPITOL ST SE,20032,4,1,303
3809 JAY ST NE,20019,3,1,1
3812 5TH ST NW,20011,10,1,It's a hou
3812 FORT LINCOLN DR NE,20018,15,0,
3812 SOUTH CAPITOL ST SE,20032,11,1,104
3812 V ST SE,20020,2,1,102
3814 HAYES ST NE,20019,1,1,1
3815 2ND ST SE,20032,3,1,B
3817 2ND ST SE,20032,11,3,"B, C, F"
3827 8TH ST SE,20032,11,0,
3830 BLAINE ST NE,20019,6,0,
3835 8TH ST SE,20032,16,0,
3848 SOUTH CAPITOL ST SE,20032,12,3,"101, 104, 203"
39 MISSISSIPPI AVE SE,20032,4,1,202
390 TAYLOR ST NE,20017,1,1,12U
3900 4TH ST SE,20032,3,1,1
3902 COLE BLVD SE,20032,1,0,
3905 PENNSYLVANIA AVE SE,20020,1,1,301
3907 MARTIN LUTHER KING JR AVE SW,20032,2,2,"301, Common"
3910 GEORGIA AVE NW,20011,3,2,"414, 518"
3914 10TH ST NE,20017,2,1,4
3919 9TH ST NE,20017,2,1,COMM AREAS
3921 KANSAS AVE NW,20011,24,4,"201, 203, 302, 306"
3922 10TH ST NE,20017,1,1,2
3923 17TH ST NE,20018,3,0,
3923 SOUTH CAPITOL ST SW,20032,2,0,
3924 R ST SE,20020,1,0,
3925 12TH ST NE,20017,19,0,
3927 GEORGIA AVE NW,20011,5,1,ENTR/EXT
3928 1ST ST SE,20032,2,1,404
3929 AMES ST NE,20019,6,0,
3930 1ST ST SE,20032,9,2,"101, 202"
3932 7TH ST NE,20017,4,2,"1, Common"
3944 7TH ST NE,20017,3,1,2
3945 CONNECTICUT AVE NW,20008,4,1,318
3968 MARTIN LUTHER KING JR AVE SW,20032,10,3,"2, 4, COMMON"
3970 EAST CAPITOL ST NE,20019,3,0,
3970 PENNSYLVANIA AVE SE,20020,11,1,108
3972 MARTIN LUTHER KING JR AVE SW,20032,1,1,Common
3984 PENNSYLVANIA AVE SE,20020,1,1,203
3987 BLAINE ST NE,20019,1,0,
40 GALVESTON ST SW,20032,19,2,"102, T2"
40 N ST NE,20002,1,1,1208
400 8TH ST NW,20004,1,0,
400 ATLANTIC ST SE,20032,2,1,205
400 CHESAPEAKE ST SE,20032,18,3,"201, 303, B1"
400 DOUGLAS ST NE,20017,5,1,203
400 TAYLOR ST NE,20017,4,2,"34A, 42A"
4000 47TH ST NW,20016,1,1,Common
4000 MASSACHUSETTS AVE NW,20016,2,1,517
4000 WISCONSIN AVE NW,20016,1,1,480
4001 1ST ST SE,20032,6,1,B1
4001 BLAKNEY LN SE,20032,2,0,
4001 HAYES ST NE,20019,1,1,8
4001 SOUTH CAPITOL ST SW,20032,9,4,"103, 202, 322, 444"
4002 4TH ST SE,20032,3,1,102
4002 SOUTH CAPITOL ST SE,20032,1,1,1
4006 7TH ST NW,20011,1,0,
4007 COLE BLVD SE,20032,1,0,
401 CHAPLIN ST SE,20019,14,7,"105, 201, 204, 307, 311, 407, COMMON"
401 K ST NW,20001,3,1,801
401 N ST NW,20001,10,2,"201, 203"
4010 3RD ST SE,20032,8,2,"101, 401"
4010 9TH ST SE,20032,31,5,"102, 201, 202, 304, EXTERIOR"
4010 CALVERT ST NW,20007,5,2,"1, Common"
4012 47TH ST NW,20016,1,1,Common
4012 GEORGIA AVE NW,20011,1,0,
402 KENNEDY ST NW,20011,12,1,4
4020 MINNESOTA AVE NE,20019,20,10,"274, 408, 463, 542, 551, 566, 578, 586, 664, 5888"
4021 1ST ST SW,20032,7,0,
4021 3RD ST SE,20032,5,1,5
4021 BENTON ST NW,20007,3,3,"105, 107, 303"
4022 1ST ST SE,20032,3,1,103
4023 BEECHER ST NW,20007,2,1,2
4023 WHEELER RD SE,20032,3,0,
4025 WHEELER RD SE,20032,8,0,
4026 9TH ST NE,20017,8,2,"1, 4"
403 RIDGE RD SE,20019,2,1,102
4030 CALVERT ST NW,20007,1,1,2
404 36TH ST NE,20019,1,0,
404 L ST SE,20003,2,0,
4040 LIVINGSTON RD SE,20032,5,0,
4042 LEE ST NE,20019,2,0,
4046 GRANT ST NE,20019,13,2,"103, Common"
406 16TH ST SE,20003,1,0,
407 3RD ST NE,20002,1,0,
4077 MINNESOTA AVE NE,20019,2,1,ext/com
4079 MINNESOTA AVE NE,20019,7,2,"22, EXTERIOR"
4081 MINNESOTA AVE NE,20019,1,1,EXTERIOR
4083 MINNESOTA AVE NE,20019,6,2,"21, EXTERIOR"
4085 MINNESOTA AVE NE,20019,1,1,EXTERIOR
4087 MINNESOTA AVE NE,20019,1,1,EXTERIOR
41 UNDERWOOD ST NW,20012,1,0,
410 11TH ST SE,20003,2,1,2
410 FLORIDA AVE NW,20001,3,0,
410 M ST SE,20003,7,1,204
410 RHODE ISLAND AVE NE,20002,14,11,"201, 204, 209, 402, 404, 405, 406, 409, 410, 411, 609"
410 TAYLOR ST NE,20017,6,2,"43B, 44B"
4100 RIVER RD NW,20016,3,0,
4111 KANSAS AVE NW,20011,10,2,"105, 406"
4115 1ST ST SE,20032,50,6,"101, 104, 304, B2, Common, MULTI"
4115 W ST NW,20007,2,1,COMMON
4116 AMES ST NE,20019,7,2,"202, 13"
4120 14TH ST NW,20011,15,1,B5
4123 4TH ST NW,20011,21,0,
4124 EDMUNDS ST NW,20007,7,1,101
4129 4TH ST NW,20011,3,0,
413 ATLANTIC ST SE,20032,1,1,Common
413 BUTTERNUT ST NW,20012,2,1,2
413 G ST SW,20024,1,0,
413 P ST NW,20001,3,1,2
413 VALLEY AVE SE,20032,1,0,
4130 4TH ST SE,20032,2,1,COMMON
4132 GEORGIA AVE NW,20011,2,0,
414 KENNEDY ST NW,20011,1,1,1
415 L ST SE,20003,6,0,
416 FARRAGUT ST NW,20011,3,0,
417 OGLETHORPE ST NW,20011,15,0,
417 W ST NE,20002,9,2,"1, 3"
419 32ND ST SE,20019,15,1,G1
419 KENNEDY ST NW,20011,1,0,
419 LEBAUM ST SE,20032,17,4,"1, 3, 4, Common"
419 ONEIDA PL NW,20011,1,0,
4196 LIVINGSTON RD SE,20032,19,6,"202, 203, 204, 302, 303, 304"
42 GALVESTON ST SW,20032,7,1,T1
420 37TH PL SE,20019,9,1,102
420 FARRAGUT ST NW,20011,2,0,
420 RHODE ISLAND AVE NW,20001,3,0,
420 TAYLOR ST NE,20017,19,6,"21C, 24C, 31C, 42C, 44C, Common"
4201 CATHEDRAL AVE NW,20016,6,1,416W
4201 EAST CAPITOL ST SE,20019,3,1,3
4201 MASSACHUSETTS AVE NW,20016,2,1,2024C
4202 13TH ST NW,20011,1,0,
4206 14TH ST NW,20011,2,0,
4207 EAST CAPITOL ST SE,20019,3,1,202
4208 EAST CAPITOL ST NE,20019,16,1,2
4209 4TH ST SE,20032,3,1,4
421 32ND ST SE,20019,1,1,1B
4210 EAST CAPITOL ST NE,20019,2,1,202
4212 14TH ST NE,20017,3,0,
4212 FOOTE ST NE,20019,9,1,B1
4218 4TH ST SE,20032,3,1,101
4219 BLAINE ST NE,20019,7,0,
422 KENNEDY ST NW,20011,1,1,1
4221 EAST CAPITOL ST SE,20019,6,3,"2, 203, COMMON"
4222 14TH ST NW,20011,8,1,Building f
4222 47TH ST NW,20016,6,0,
4223 1ST ST SE,20032,10,1,202
4223 EAST CAPITOL ST SE,20019,3,1,20
4224 18TH ST NW,20011,4,0,
4227 8TH ST NW,20011,1,1,5
4227 EAST CAPITOL ST SE,20019,3,1,30
4229 3RD ST NW,20011,9,0,
4229 EAST CAPITOL ST SE,20019,4,1,202
4229 JENIFER ST NW,20015,50,0,
4230 6TH ST SE,20032,1,1,4
4230 SOUTH CAPITOL ST SE,20032,4,1,103
4231 BLAINE ST NE,20019,12,1,3
4231 EADS ST NE,20019,6,0,
4233 EDSON PL NE,20019,3,1,2
4234 BENNING RD NE,20019,1,1,301
4234 GAULT PL NE,20019,1,0,
4235 MEADE ST NE,20019,3,0,
4238 4TH ST SE,20032,7,1,101
4239 1ST ST SE,20032,1,1,3
424 19TH ST NE,20002,12,2,"A, B"
424 37TH PL SE,20019,11,3,"201, 202, Common"
424 55TH ST NE,20019,6,2,"7, 11"
424 7TH ST NE,20002,2,0,
4241 BLAINE ST NE,20019,7,2,"2, 3"
4241 FOOTE ST NE,20019,11,3,"101, 201, 301"
4242 4TH ST SE,20032,1,1,102
4242 EDSON PL NE,20019,2,2,"2, 5"
4246 4TH ST SE,20032,3,1,301
4246 6TH ST SE,20032,9,2,"2, 3"
425 2ND ST NW,20001,5,0,
425 60TH ST NE,20019,5,1,4
4250 6TH ST SE,20032,3,2,"3, 4"
4250 EAST CAPITOL ST NE,20019,23,3,"102, 104, 204"
4250 GARRISON ST NW,20016,1,1,1
4251 EDSON PL NE,20019,7,1,2
4252 EAST CAPITOL ST NE,20019,3,1,104
4255 EADS ST NE,20019,8,3,"D, C, Common"
4258 4TH ST SE,20032,1,1,102
4258 EAST CAPITOL ST NE,20019,13,2,"3, 202"
426 37TH PL SE,20019,1,1,202
426 6TH ST NE,20002,3,1,3
426 BRANDYWINE ST SE,20032,7,1,103
4260 EAST CAPITOL ST NE,20019,5,2,"3, 203"
4266 EAST CAPITOL ST NE,20019,1,1,101
427 N ST SW,20024,1,0,
4275 FOOTE ST NE,20019,5,2,"203, 204"
428 NEWCOMB ST SE,20032,4,2,"3, Common"
4287 6TH ST SE,20032,5,3,"201, 301, 302"
429 BUTTERNUT ST NW,20012,1,0,
4291 6TH ST SE,20032,4,1,202
4295 6TH ST SE,20032,2,1,302
4296 SOUTH CAPITOL TER SW,20032,16,0,
43 GALVESTON PL SW,20032,1,1,2
43 K ST NW,20001,6,1,709
430 INGRAHAM ST NW,20011,1,0,
430 MISSOURI AVE NW,20011,1,1,201
430 TAYLOR ST NE,20017,2,1,33D
4301 WHEELER RD SE,20032,10,2,"101, 104"
4306 HALLEY TER SE,20032,40,3,"1, 2, 3"
4309 WHEELER RD SE,20032,4,2,"102, COMMON"
431 ATLANTIC ST SE,20032,5,1,101
4313 WHEELER RD SE,20032,15,2,"102, 203"
4314 GEORGIA AVE NW,20011,2,1,11
4314 SOUTH CAPITOL ST SE,20032,10,1,2
4319 1ST ST SE,20032,6,1,2
432 KENYON ST NW,20010,3,0,
4320 LIVINGSTON RD SE,20032,7,2,"A, Common"
4321 BROOKS ST NE,20019,20,3,"104, 302, COMMON"
4323 FESSENDEN ST NW,20016,1,1,EXTERIOR
4329 4TH ST NW,20011,1,0,
4329 4TH ST SE,20032,14,2,"1, 8"
4333 WISCONSIN AVE NW,20016,1,1,Common
4334 LIVINGSTON RD SE,20032,4,1,B
4335 4TH ST SE,20032,1,0,
4336 LIVINGSTON RD SE,20032,7,3,"B, Common, D"
4339 E ST SE,20019,1,1,4
4340 2ND ST NE,20011,18,1,8
4341 1ST ST NE,20011,3,2,"1, 4"
4341 E ST SE,20019,1,1,Common
4343 MARTIN LUTHER KING JR AVE SW,20032,3,1,120
4348 ELLICOTT ST NW,20016,3,1,4
4349 4TH ST SE,20032,4,1,10
435 ORANGE ST SE,20032,6,2,"2, Common"
4357 WESTOVER PL NW,20016,1,0,
436 IRVING ST NW,20010,1,0,
4363 VARNUM PL NE,20017,15,0,
4369 BENNING RD NE,20019,2,0,
437 KENNEDY ST NW,20011,1,1,1
4385 BENNING RD NE,20019,3,0,
439 BRANDYWINE ST SE,20032,15,1,5
44 BANNER LN NW,20001,3,3,"236, 526, 807"
44 BATES ST NW,20001,1,1,A
44 GALVESTON ST SW,20032,12,2,"201, 302"
440 TAYLOR ST NE,20017,1,1,Common
4400 35TH ST NW,20008,3,0,
4400 E ST SE,20019,6,1,3
4400 HUNT PL NE,20019,14,3,"102, 104, 201"
4401 BLAINE ST NE,20019,1,1,757
4401 E ST SE,20019,5,1,3
4401 GRANT ST NE,20019,5,0,
4401 QUARLES ST NE,20019,3,1,21
4402 QUARLES ST NE,20019,1,1,32
4403 14TH ST NW,20011,4,1,41
4403 QUARLES ST NE,20019,3,1,12
4408 G ST SE,20019,12,1,32
4409 E ST SE,20019,8,1,3
4409 F ST SE,20019,2,0,
441 WARNER ST NW,20001,2,0,
4410 G ST SE,20019,2,1,11
4412 TEXAS AVE SE,20019,4,1,102
4413 F ST SE,20019,6,0,
4419 FALLS TER SE,20019,9,1,4
4420 FALLS TER SE,20019,4,1,2
4420 G ST SE,20019,1,1,B1
4421 E ST SE,20019,7,1,1
4421 FALLS TER SE,20019,3,1,1
4422 E ST SE,20019,3,1,2
4423 GAULT PL NE,20019,4,1,5
4425 14TH ST NW,20011,10,2,"1, 53"
4425 NANNIE HELEN BURROUGHS AVE NE,20019,3,1,G01
4426 NEW HAMPSHIRE AVE NW,20011,2,1,SFD
4429 SOUTH DAKOTA AVE NE,20017,2,0,
444 NEWCOMB ST SE,20032,6,2,"4, EXTERIOR"
4441 HARRISON ST NW,20015,2,0,
4448 B ST SE,20019,4,3,"1, 2, 4"
4450 E ST SE,20019,2,1,2
4454 E ST SE,20019,4,1,1
4456 B ST SE,20019,5,1,201
4456 DOUGLAS ST NE,20019,11,1,211121
446 MELLON ST SE,20032,1,1,4
447 IRVING ST NW,20010,2,0,
4475 PONDS ST NE,20019,1,0,
4480 C ST SE,20019,35,5,"101, 103, 202, 203, 301"
449 MELLON ST SE,20032,6,3,"4, 2, Common"
45 RIDGE SQ NW,20016,1,0,
45 SUTTON SQ SW,20024,3,1,304
450 CONDON TER SE,20032,21,2,"COMMON, ext/int"
450 K ST NW,20001,1,1,1220
450 TAYLOR ST NE,20017,12,6,"13F, 14F, 24F, 41F, 44F, Common"
4500 3RD ST SE,20032,3,1,C
4500 CONNECTICUT AVE NW,20008,10,3,"605, 706, 303"
4500 WISCONSIN AVE NW,20016,1,1,C-1
4501 CLERMONT DR NE,20011,1,1,EXTERIOR
4501 CONNECTICUT AVE NW,20008,4,1,1120
4505 CLERMONT DR NE,20011,1,1,102
4506 GEORGIA AVE NW,20011,3,1,105
4508 FORT TOTTEN DR NE,20011,6,2,"5, 6"
4508 LIVINGSTON RD SE,20032,1,1,C
4511 2ND ST NE,20011,16,1,4
4513 MEADE ST NE,20019,5,1,1
4515 9TH ST NW,20011,1,1,n/a
4522 LIVINGSTON RD SE,20032,1,1,D
4526 13TH ST NW,20011,3,1,5
453 MELLON ST SE,20032,5,1,1
4530 3RD ST SE,20032,4,1,D
4535 GARRISON ST NW,20016,3,1,BSMT
454 M ST NW,20001,5,1,1
4540 MACARTHUR BLVD NW,20007,2,1,101
4559 BENNING RD SE,20019,2,1,101
456 PARK RD NW,20010,19,1,454 park r
4560 MACARTHUR BLVD NW,20007,1,0,
4569 BENNING RD SE,20019,15,3,"104, 301, COMMON"
4575 KANE PL NE,20019,3,2,"102, Common"
459 M ST NW,20001,1,1,A
46 RHODE ISLAND AVE NW,20001,1,0,
460 TAYLOR ST NE,20017,14,4,"22G, 23G, 24G, 44G"
4600 CENTRAL AVE NE,20019,4,0,
4601 CONNECTICUT AVE NW,20008,1,1,807
4602 6TH PL NE,20017,3,0,
4606 HILLSIDE RD SE,20019,4,1,3
4607 SOUTH DAKOTA AVE NE,20017,1,0,
461 H ST NW,20001,10,1,420
4610 14TH ST NW,20011,1,0,
4610 LIVINGSTON RD SE,20032,2,2,"204, Common"
4611 HILLSIDE RD SE,20019,1,0,
4611 QUARLES ST NE,20019,4,1,308
4614 HILLSIDE RD SE,20019,8,1,3
4619 YUMA ST NW,20016,10,0,
4620 HANNA PL SE,20019,37,0,
4624 LIVINGSTON RD SE,20032,3,1,103
463 NEWCOMB ST SE,20032,1,1,2
4630 HILLSIDE RD SE,20019,1,1,4
4632 LIVINGSTON RD SE,20032,8,2,"303, COMMON"
4634 H ST SE,20019,1,1,EXTERIOR
4635 HUNT PL NE,20019,2,0,
4638 H ST SE,20019,2,1,123
4638 HILLSIDE RD SE,20019,2,1,1
464 LEBAUM ST SE,20032,1,0,
4641 HILLSIDE RD SE,20019,4,1,2
4647 HILLSIDE RD SE,20019,14,1,4
4651 NANNIE HELEN BURROUGHS AVE NE,20019,6,3,"310, 402, 603"
4654 UPTON ST NW,20016,1,0,
4656 LIVINGSTON RD SE,20032,1,1,319
4660 MARTIN LUTHER KING JR AVE SW,20032,18,5,"A307, A602, A714, C114, C514"
4665 BENNING RD SE,20019,15,1,B
47 FORRESTER ST SW,20032,6,1,4
470 TAYLOR ST NE,20017,25,8,"23H, 31H, 32H, 33H, 42H, 43H, 44H, Common"
4700 MARTIN LUTHER KING JR AVE SW,20032,10,3,"103, 203, Common"
4701 GEORGIA AVE NW,20011,1,1,202
4702 15TH ST NW,20011,3,0,
4705 COLORADO AVE NW,20011,10,0,
4709 3RD PL NW,20011,10,4,"1, 2, 3, 4"
471 H ST NW,20001,1,0,
4711 15TH ST NW,20011,3,0,
4712 3RD PL NW,20011,13,1,2
4712 SHERIFF RD NE,20019,6,2,"101, 202"
4715 1ST ST SW,20032,8,1,103
4717 3RD PL NW,20011,4,1,1
4718 3RD ST NW,20011,3,1,4
4721 1ST ST SW,20032,6,1,102
4721 EADS ST NE,20019,1,0,
4723 1ST ST SW,20032,14,2,"101, 203"
4724 3RD PL NW,20011,3,1,4
4725 MINNESOTA AVE NE,20019,21,5,"202, 303, BLDG, Common/Ext, EXTERIOR"
4730 3RD ST NW,20011,1,1,4
4731 ALABAMA AVE SE,20019,12,0,
4732 BENNING RD SE,20019,10,1,202
4733 1ST ST SW,20032,2,1,201
4740 BENNING RD SE,20019,4,1,104
4752 BENNING RD SE,20019,3,1,301
4753 SOUTH CAPITOL TER SW,20032,3,1,A
4773 SOUTH CAPITOL TER SW,20032,6,1,A
479 ORANGE ST SE,20032,1,1,4
48 GALVESTON ST SW,20032,11,2,"102, 301"
480 K ST SW,20024,1,1,1318
480 TAYLOR ST NE,20017,4,3,"12I, 14I, 34I"
4800 EAST CAPITOL ST NE,20019,1,1,220
4800 NANNIE HELEN BURROUGHS AVE NE,20019,19,5,"206, 305, 414, B1, COMMON"
4810 QUARLES ST NE,20019,6,1,304
4812 3RD ST NW,20011,12,2,"3, 4"
4812 7TH ST NE,20017,1,0,
4815 TEXAS AVE SE,20019,1,1,401
4817 36TH ST NW,20008,11,1,205
4818 ILLINOIS AVE NW,20011,8,0,
4819 NORTH CAPITOL ST NE,20011,5,1,203
4820 10TH ST NE,20017,3,0,
4820 BENNING RD SE,20019,13,2,"104, 201"
4824 BENNING RD SE,20019,2,1,201
4825 3RD ST NW,20011,2,1,2
4825 NORTH CAPITOL ST NE,20011,3,1,203
4827 B ST SE,20019,4,1,exterior
4831 36TH ST NW,20008,12,2,"301, 406"
4832 46TH ST NW,20016,1,0,
4835 NEW HAMPSHIRE AVE NW,20011,2,1,4
4837 KANSAS AVE NW,20011,6,0,
4839 ILLINOIS AVE NW,20011,1,0,
4839 KANSAS AVE NW,20011,9,0,
4840 MACARTHUR BLVD NW,20007,1,1,501
4849 CONNECTICUT AVE NW,20008,38,6,"427, 434, 920, 921, 1011, Common"
4850 MACARTHUR BLVD NW,20007,8,4,"102, 201, 202, Common"
49 MISSOURI AVE NW,20011,1,1,2
490 TAYLOR ST NE,20017,5,3,"12J, 21J, Common"
4901 GEORGIA AVE NW,20011,17,1,A
4904 GEORGIA AVE NW,20011,1,0,
4907 A ST SE,20019,8,1,11
4909 13TH ST NW,20011,2,0,
4909 1ST ST NW,20011,1,1,2
4910 GEORGIA AVE NW,20011,1,0,
4915 3RD ST NW,20011,3,1,203
4919 JAY ST NE,20019,4,2,"1, 13"
4920 NASH ST NE,20019,1,1,1
4922 JAY ST NE,20019,1,0,
4924 JAY ST NE,20019,3,0,
4924 NASH ST NE,20019,1,1,11
4925 NORTH CAPITOL ST NE,20011,1,1,203
4927 G ST SE,20019,7,1,202
4928 NASH ST NE,20019,2,1,8
4944 BRANDYWINE ST NW,20016,2,0,
4954 JUST ST NE,20019,8,0,
5 RIDGE SQ NW,20016,2,1,215
50 GALVESTON PL SW,20032,9,1,2
500 44TH ST NE,20019,30,0,
500 TENNESSEE AVE NE,20002,9,2,"4, 1"
5000 A ST SE,20019,4,1,304
5000 FORT TOTTEN DR NE,20011,15,12,"201, 102, 104, 105, 108, 109, 204, 205, 206, 302, 304, 305"
501 32ND ST SE,20019,7,1,3
501 60TH ST NE,20019,1,1,303
501 BRANDYWINE ST SE,20032,5,1,3
501 FLORIDA AVE NW,20001,1,1,B
501 H ST NW,20001,1,1,3
501 L ST NW,20001,4,1,3
501 MELLON ST SE,20032,2,0,
5010 SOUTHERN AVE SE,20019,8,2,"C8, C-8"
5011 BASS PL SE,20019,1,1,201
5012 BASS PL SE,20019,14,1,3
5015 JAY ST NE,20019,10,1,33
502 QUACKENBOS ST NW,20011,4,0,
5024 ASTOR PL SE,20019,19,1,2
5024 CALL PL SE,20019,11,2,"203, 302"
5025 1ST ST NW,20011,6,1,1
5026 BENNING RD SE,20019,7,0,
5028 CALL PL SE,20019,10,4,"101, 201, 202, Common"
5029 B ST SE,20019,7,1,101
5029 SARGENT RD NE,20017,8,0,
5030 SOUTH DAKOTA AVE NE,20017,2,0,
5033 SHERIFF RD NE,20019,2,0,
5035 D ST SE,20019,9,2,"203, 303"
5040 D ST SE,20019,9,3,"1, 13, 14"
5042 JUST ST NE,20019,4,1,SFD
5043 KIMI GRAY CT SE,20019,1,0,
5044 C ST SE,20019,1,1,4
5045 JUST ST NE,20019,3,0,
5048 C ST SE,20019,4,2,"4, Common"
505 MONTANA AVE NE,20017,2,0,
5052 SARGENT RD NE,20017,1,1,EXTERIOR
5054 ASTOR PL SE,20019,7,1,304
5056 A ST SE,20019,17,3,"6, 9, 10"
5057 SHERIFF RD NE,20019,2,0,
5058 ASTOR PL SE,20019,17,4,"202, 302, COMM AREAS, second flo"
506 58TH ST NE,20019,8,0,
506 QUACKENBOS ST NW,20011,2,0,
5061 1ST ST NW,20011,1,1,104
5061 NEW HAMPSHIRE AVE NW,20011,3,1,204
507 KENNEDY ST NW,20011,1,1,EXTR/COMM
5078 BENNING RD SE,20019,11,5,"A2, A3, A4, A8, Entire"
508 2ND ST SE,20003,3,1,Common
51 RHODE ISLAND AVE NW,20001,1,1,2
510 21ST ST NW,20006,1,1,612
5101 SARGENT RD NE,20017,5,1,305
5104 2ND ST NW,20011,4,2,"3, Common"
5105 F ST SE,20019,4,3,"104, 203, T1"
5107 FITCH ST SE,20019,1,1,T3
5108 2ND ST NW,20011,1,1,Common
5108 CALL PL SE,20019,5,1,7
5109 A ST SE,20019,6,0,
511 16TH ST SE,20003,4,1,2
511 MELLON ST SE,20032,1,1,1
5110 7TH ST NW,20011,7,0,
5111 AYERS PL SE,20019,4,1,10
5112 CALL PL SE,20019,8,1,11
5113 FITCH ST SE,20019,4,1,301
5114 9TH ST NW,20011,8,0,
5117 C ST SE,20019,4,1,300
5117 FITCH ST SE,20019,12,3,"101, 204, T2"
5119 2ND ST NW,20011,1,1,4
5119 ASTOR PL SE,20019,9,1,101
5119 FITCH ST SE,20019,15,2,"202, 203"
512 U ST NW,20001,1,1,8
5121 FITCH ST SE,20019,4,1,104
5123 FITCH ST SE,20019,12,3,"102, 103, 104"
5124 2ND ST NW,20011,5,3,"2, 3, Common"
5124 ASTOR PL SE,20019,1,1,203
5124 H ST SE,20019,1,0,
5124 SOUTH DAKOTA AVE NE,20017,1,0,
5124 SOUTHERN AVE SE,20019,18,0,
5125 HANNA PL SE,20019,8,0,
513 FRANKLIN ST NE,20017,1,1,2
513 KENNEDY ST NW,20011,1,0,
5131 2ND ST NW,20011,3,1,6
5131 FITCH ST SE,20019,9,2,"101, 304"
5133 ASTOR PL SE,20019,5,4,"1, 2, 3, 4"
5133 FITCH ST SE,20019,1,1,103
5134 SHERIFF RD NE,20019,24,3,"B1, COMMON, EXTERIOR"
5135 FITCH ST SE,20019,8,1,102
5142 8TH ST NE,20011,4,0,
515 LEBAUM ST SE,20032,7,1,SFD
516 60TH ST NE,20019,4,0,
518 9TH ST NE,20002,1,1,2307
518 JEFFERSON ST NW,20011,11,1,2
5185 MACARTHUR BLVD NW,20016,5,0,
519 6TH ST SE,20003,2,0,
519 KENNEDY ST NW,20011,6,1,2
52 ADAMS ST NW,20001,1,0,
520 EDGEWOOD ST NE,20017,1,1,EXTERIOR
520 N ST SW,20024,1,1,S419
5201 CONNECTICUT AVE NW,20015,2,1,504
5201 SHERIFF RD NE,20019,1,1,202
5208 3RD ST NW,20011,22,1,8
5209 14TH ST NW,20011,4,0,
521 17TH ST NE,20002,1,1,3
521 FOXHALL PL SE,20032,11,0,
521 G ST SW,20024,7,3,"106, 306, Common"
521 PEABODY ST NW,20011,5,1,2
5210 3RD ST NE,20011,3,2,"312, 318"
5212 ASTOR PL SE,20019,5,0,
5215 B ST SE,20019,1,1,303
5216 D ST SE,20019,9,1,11
5219 GEORGIA AVE NW,20011,1,0,
522 46TH ST SE,20019,5,1,1
5220 4TH ST NW,20011,1,1,3
5228 ILLINOIS AVE NW,20011,1,0,
523 46TH ST SE,20019,11,1,1
5232 NORTH CAPITOL ST NW,20011,14,1,105
524 KENYON ST NW,20010,5,1,12
525 50TH PL NE,20019,2,1,11
525 7TH ST NE,20002,5,1,202
525 MELLON ST SE,20032,1,1,208
5253 KARL PL NE,20019,3,0,
53 ELMIRA ST SW,20032,7,0,
53 FORRESTER ST SW,20032,2,2,"3, Common"
530 23RD PL NE,20002,5,0,
5302 F ST SE,20019,2,0,
5308 4TH ST NW,20011,12,4,"1, 2, 3, Common"
5310 2ND ST NW,20011,6,0,
5311 ILLINOIS AVE NW,20011,3,0,
5312 E ST SE,20019,1,1,301
5318 B ST SE,20019,6,1,4
5320 8TH ST NW,20011,2,1,205
5320 JAY ST NE,20019,1,0,
5322 B ST SE,20019,1,1,2
5322 KANSAS AVE NW,20011,5,0,
5323 4TH ST NW,20011,1,1,2
5323 CONNECTICUT AVE NW,20015,4,4,"100, 201, 701, 802"
5325 BASS PL SE,20019,4,1,15
533 FLORIDA AVE NW,20001,7,1,2
5330 2ND ST NW,20011,1,1,EXTERIOR
5330 E ST SE,20019,21,3,"Common, 4, 5"
5332 EAST CAPITOL ST NE,20019,1,0,
5336 COLORADO AVE NW,20011,2,0,
5338 COLORADO AVE NW,20011,1,1,A
534 MADISON ST NW,20011,7,0,
5340 C ST SE,20019,2,1,104
5348 E ST SE,20019,2,1,233
535 51ST ST NE,20019,1,0,
5350 E ST SE,20019,4,1,212
537 NEWCOMB ST SE,20032,2,1,4
538 OAKWOOD ST SE,20032,1,0,
54 RHODE ISLAND AVE NW,20001,3,0,
5401 CALL PL SE,20019,9,3,"102, 202, T2"
5401 GEORGIA AVE NW,20011,2,0,
5405 CALL PL SE,20019,29,2,"201, 202"
5406 3RD ST NW,20011,4,1,2
5410 CONNECTICUT AVE NW,20015,3,1,201
5415 CONNECTICUT AVE NW,20015,5,5,"332, 828, 840, L21, T21"
5421 KANSAS AVE NW,20011,9,0,
543 FLORIDA AVE NW,20001,4,1,4
5430 C ST SE,20019,8,0,
5432 CONNECTICUT AVE NW,20015,9,1,608
5437 CONNECTICUT AVE NW,20015,2,1,906
55 FORRESTER ST SW,20032,1,1,1
55 M ST NE,20002,4,3,"114, 605, COMMON"
550 MALCOLM X AVE SE,20032,5,1,2
550 MORSE ST NE,20002,2,1,Not applic
5503 NANNIE HELEN BURROUGHS AVE NE,20019,10,2,"105, 204"
5508 7TH ST NW,20011,6,4,"1, 2, 001, 501"
5509 5TH ST NW,20011,13,2,"3, 6"
5509 NANNIE HELEN BURROUGHS AVE NE,20019,4,1,104
551 LEBAUM ST SE,20032,29,3,"102, 204, 300"
5518 13TH ST NW,20011,12,2,"A, B"
552 LEBAUM ST SE,20032,2,1,2
5521 CENTRAL AVE SE,20019,7,0,
5521 COLORADO AVE NW,20011,13,5,"305, 302, 403, 505, T3"
5522 CALL PL SE,20019,7,1,B
5523 HUNT PL NE,20019,6,0,
553 25TH PL NE,20002,1,0,
555 E ST SW,20024,7,2,"315, 320"
557 LEBAUM ST SE,20032,63,7,"103, 105, 201, 203, 205, 301, 305"
5601 13TH ST NW,20011,33,5,"1, 5, 117, 209, 316"
5601 2ND ST NE,20011,2,2,"1, 4"
5601 NANNIE HELEN BURROUGHS AVE NE,20019,4,1,101
5615 1ST ST NW,20011,1,1,1
5615 7TH ST NW,20011,4,1,1
5615 NANNIE HELEN BURROUGHS AVE NE,20019,7,2,"201, 305"
5616 13TH ST NW,20011,19,2,"206, T4"
562 MALCOLM X AVE SE,20032,16,2,"2, 4"
5623 1ST ST NW,20011,2,1,2
566 25TH PL NE,20002,2,0,
566 NEWCOMB ST SE,20032,2,1,3
5661 3RD ST NE,20011,2,2,"409, 441"
57 HAWTHORNE CT NE,20017,1,0,
5700 MACARTHUR BLVD NW,20016,26,0,
5701 DIX ST NE,20019,14,2,"104, Common"
5710 EASTERN AVE NE,20011,1,0,
5727 2ND ST NE,20011,11,0,
5727 WESTERN AVE NW,20015,13,0,
5730 BLAIR RD NW,20011,1,0,
5732 5TH ST NE,20011,1,0,
574 49TH PL NE,20019,1,1,A
574 NEWCOMB ST SE,20032,15,1,3
5740 13TH ST NW,20011,5,1,2A
5741 BLAINE ST NE,20019,1,1,B
5741 COLORADO AVE NW,20011,14,1,307
5749 EAST CAPITOL ST SE,20019,2,0,
5754 COLORADO AVE NW,20011,1,1,1B
58 SEATON PL NW,20001,15,1,B
5802 GEORGIA AVE NW,20011,4,1,B2
5809 4TH ST NW,20011,1,0,
5810 BLAIR RD NW,20011,2,1,303
5810 DIX ST NE,20019,1,0,
5812 GEORGIA AVE NW,20011,1,0,
5813 14TH ST NW,20011,1,1,B4
5814 9TH ST NW,20011,1,1,1
5816 FOOTE ST NE,20019,7,2,"101, 103"
5816 GEORGIA AVE NW,20011,5,2,"106, 311"
5818 9TH ST NW,20011,1,1,EXTERIOR
5819 14TH ST NW,20011,2,1,202
5821 DIX ST NE,20019,16,2,"406, 408"
5821 FIELD PL NE,20019,7,1,201
5822 FOOTE ST NE,20019,6,1,4
59 RHODE ISLAND AVE NW,20001,13,1,4
5909 CLAY ST NE,20019,4,2,"105, 205"
5912 14TH ST NW,20011,7,1,301
5913 GEORGIA AVE NW,20011,9,0,
5920 FOOTE ST NE,20019,4,1,101
5922 13TH ST NW,20011,9,2,"102, 208"
5930 14TH ST NW,20011,4,1,106
5934 13TH PL NW,20011,1,1,1
6 BARNEY CIR SE,20003,4,2,"3, 1"
6 FLORIDA AVE NW,20001,7,1,303
6 HANOVER PL NW,20001,1,0,
60 BATES ST NW,20001,10,0,
60 GALVESTON ST SW,20032,5,1,301
600 BARNES ST NE,20019,5,1,110
600 D ST SE,20003,6,3,"2, 3, Common"
600 H ST NE,20002,1,0,
600 KENILWORTH TER NE,20019,2,2,"305, 607"
6000 13TH ST NW,20011,12,3,"301, 304, Common"
6006 EADS ST NE,20019,2,1,202
601 24TH ST NW,20037,2,2,"703, 804"
601 53RD ST SE,20019,21,7,"104, 201, 202, 203, 204, 301, Common"
601 L ST SE,20003,2,0,
601 PARK RD NW,20010,6,1,101
601 SAVANNAH ST SE,20032,2,0,
6010 CLAY ST NE,20019,6,1,202
602 H ST NW,20001,1,0,
603 GALVESTON ST SE,20032,16,0,
603 SOMERSET PL NW,20011,14,0,
604 12TH ST NE,20002,25,6,"1, 2, 3, 4, 8, 11"
604 6TH PL SW,20024,2,0,
604 F ST NE,20002,1,0,
604 KENNEDY ST NW,20011,1,1,31
605 53RD ST SE,20019,14,3,"102, 104, 201"
605 57TH ST NE,20019,3,0,
605 ELMIRA ST SE,20032,2,0,
605 KEEFER PL NW,20010,7,0,
606 M ST NW,20001,11,1,4
607 SHERIDAN ST NW,20011,9,0,
608 44TH ST NE,20019,3,2,"102, 203"
608 GIRARD ST NE,20017,1,1,F1
608 HARVARD ST NW,20001,1,0,
608 MELLON ST SE,20032,3,0,
61 RHODE ISLAND AVE NE,20002,3,1,3
610 57TH ST NE,20019,15,3,"202, 302, 303"
610 PRINCETON PL NW,20010,1,0,
611 A ST NE,20002,1,1,1
611 EDGEWOOD ST NE,20017,18,2,"801, COMMON"
612 NEWTON PL NW,20010,3,1,4
612 SHEPHERD ST NW,20011,1,0,
613 21ST ST NE,20002,2,1,C
6134 30TH ST NW,20015,7,1,NO BUINESS
6139 KANSAS AVE NE,20011,1,1,Common
614 LONGFELLOW ST NW,20011,15,3,"201, 203, 205"
616 EVARTS ST NE,20017,1,0,
617 GIRARD ST NE,20017,1,0,
617 ROXBORO PL NW,20011,1,0,
618 CHESAPEAKE ST SE,20032,1,0,
619 14TH PL NE,20002,36,1,4
619 P ST NW,20001,5,0,
620 MELLON ST SE,20032,2,1,3
6201 UTAH AVE NW,20015,1,0,
6202 GEORGIA AVE NW,20011,1,1,B
6203 7TH ST NW,20011,11,0,
621 BRANDYWINE ST SE,20032,3,0,
621 DARRINGTON ST SE,20032,6,0,
621 KENYON ST NW,20010,6,0,
621 PARK RD NW,20010,7,1,C
6213 KANSAS AVE NE,20011,1,1,exterior
6219 WESTERN AVE NW,20015,4,0,
6228 BANKS PL NE,20019,3,0,
623 MELLON ST SE,20032,1,0,
624 19TH ST NE,20002,1,1,2
624 MISSISSIPPI AVE SE,20032,8,1,2
6242 BANKS PL NE,20019,4,0,
625 BUCHANAN ST NE,20017,8,0,
625 CHESAPEAKE ST SE,20032,8,1,12
625 OTIS PL NW,20010,4,0,
626 S ST NW,20001,10,6,"101, 201, 204, 302, 304, TL1"
628 19TH ST NE,20002,4,1,2
6294 29TH ST NW,20015,2,0,
630 ROCK CREEK CHURCH RD NW,20010,1,0,
6301 14TH ST NW,20011,3,0,
631 BRANDYWINE ST SE,20032,1,0,
631 T ST NW,20001,2,1,200
632 KEEFER PL NW,20010,2,0,
6320 14TH ST NW,20011,5,1,102
634 G ST SE,20003,1,1,2
635 EDGEWOOD ST NE,20017,4,1,common
635 K ST NE,20002,4,0,
635 T ST NW,20001,15,3,"1, 3, Common"
636 12TH ST NE,20002,7,1,202
637 M ST NE,20002,9,0,
638 BRANDYWINE ST SE,20032,1,0,
638 KEEFER PL NW,20010,1,0,
639 GALLATIN ST NE,20017,2,0,
64 GALVESTON ST SW,20032,15,1,101
64 P ST SW,20024,10,2,"22, 32"
6424 NORTH CAPITOL ST NW,20012,1,1,EXTERIOR
646 CHESAPEAKE ST SE,20032,2,1,14
648 NICHOLSON ST NE,20011,6,0,
65 FORRESTER ST SW,20032,7,1,COMMON
65 HAWAII AVE NE,20011,3,1,202
6505 14TH ST NW,20012,2,1,208
653 EAST CAPITOL ST SE,20003,8,2,"107, 302"
66 WEBSTER ST NE,20011,3,1,204
6600 LUZON AVE NW,20012,3,1,409
6638 GEORGIA AVE NW,20012,1,1,Common
6645 GEORGIA AVE NW,20012,11,1,311
667 24TH ST NE,20002,3,1,75
6676 GEORGIA AVE NW,20012,1,1,B1
67 FORRESTER ST SW,20032,4,1,3
6707 14TH ST NW,20012,2,1,204
6711 GEORGIA AVE NW,20012,1,0,
680 RHODE ISLAND AVE NE,20002,5,2,"154, 612"
6800 GEORGIA AVE NW,20012,1,1,324
6925 MAPLE ST NW,20012,2,1,202
6925 WILLOW ST NW,20012,2,0,
6939 GEORGIA AVE NW,20012,3,1,213
7 15TH ST SE,20003,1,1,Common
70 I ST SE,20003,13,9,"127, 222, 401, 420, 522, 609, 625, B14, Property-w"
70 N ST SW,20024,3,1,2
700 51ST ST NE,20019,25,2,"301, 302"
700 O ST NW,20001,2,0,
700 SOUTHERN AVE SE,20032,1,0,
701 BRANDYWINE ST SE,20032,3,0,
701 CHESAPEAKE ST SE,20032,12,4,"3, 5, 6, Common"
701 OTIS PL NW,20010,21,5,"101, 102, 201, 202, Common"
703 ATLANTIC ST SE,20032,9,0,
704 51ST ST NE,20019,14,1,501
705 BRANDYWINE ST SE,20032,1,1,Common
705 LONGFELLOW ST NW,20011,4,0,
7051 SPRING PL NW,20012,1,1,309
7053 SPRING PL NW,20012,2,1,218
706 BRANDYWINE ST SE,20032,4,1,203
707 MALCOLM X AVE SE,20032,7,0,
710 C ST NE,20002,1,0,
710 SHEPHERD RD NW,20011,2,1,2
710 VARNUM ST NW,20011,2,0,
7109 CHESTNUT ST NW,20012,2,0,
711 IRVING ST NE,20017,1,1,4
712 VARNUM ST NW,20011,2,0,
713 IRVING ST NE,20017,2,0,
713 MALCOLM X AVE SE,20032,2,0,
714 PARK RD NW,20010,1,1,102
715 56TH PL NE,20019,9,0,
7150 12TH ST NW,20012,2,1,265
716 16TH ST NE,20002,9,0,
716 L ST SE,20003,1,1,102
716 LAMONT ST NW,20010,10,2,"1, 2"
717 46TH ST SE,20019,11,0,
717 KENYON ST NW,20010,13,3,"102, 301, 303"
717 QUINCY ST NW,20011,6,0,
718 MARIETTA PL NW,20011,15,0,
719 13TH ST SE,20003,3,1,12
719 G ST SE,20003,1,1,1
719 TAYLOR ST NW,20011,5,0,
720 MADISON ST NW,20011,6,1,203
721 DELAFIELD ST NE,20017,5,0,
721 EAST CAPITOL ST SE,20003,1,1,Common
721 SHEPHERD ST NW,20011,3,0,
721 TEWKESBURY PL NW,20012,3,0,
722 21ST ST NE,20002,3,0,
723 KENYON ST NW,20010,2,0,
724 6TH ST SW,20024,3,1,201
724 BONINI RD SE,20032,4,0,
725 JEFFERSON ST NW,20011,4,1,302
725 TUCKERMAN ST NW,20011,2,0,
727 DELAWARE AVE SW,20024,4,1,217
73 HAWAII AVE NE,20011,6,2,"102, 204"
7300 GEORGIA AVE NW,20012,10,1,D1
733 HOBART PL NW,20001,3,2,"7, Common"
733 SHEPHERD ST NW,20011,1,0,
734 TAYLOR ST NW,20011,5,0,
735 GIRARD ST NW,20001,1,0,
7432 9TH ST NW,20012,4,0,
7439 9TH ST NW,20012,7,0,
744 6TH ST SW,20024,10,1,316
744 CONGRESS ST SE,20032,2,0,
7444 GEORGIA AVE NW,20012,3,1,201
745 MADISON ST NW,20011,1,0,
7456 7TH ST NW,20012,6,0,
750 3RD ST NW,20001,1,1,102
750 6TH ST NW,20001,2,0,
7539 9TH ST NW,20012,1,0,
754 GIRARD ST NW,20001,8,4,"1, 7, 8, Common"
756 IRVING ST NW,20010,4,0,
756 ROCK CREEK CHURCH RD NW,20010,7,4,"1, 2, 3, Common"
758 QUEBEC PL NW,20010,11,0,
760 CHESAPEAKE ST SE,20032,20,5,"102, 201, 204, 302, 303"
767 PRINCETON PL NW,20010,9,1,2
768 QUEBEC PL NW,20010,2,1,B
769 QUEBEC PL NW,20010,25,2,"3, BLDG"
77 FORRESTER ST SW,20032,4,1,1
77 HAWAII AVE NE,20011,16,2,"202, 203"
770 GRESHAM PL NW,20001,1,0,
7701 GEORGIA AVE NW,20012,1,1,201
7723 ALASKA AVE NW,20012,2,0,
7730 EASTERN AVE NW,20012,1,1,104
776 KENILWORTH TER NE,20019,5,1,8
79 NEW YORK AVE NW,20001,1,1,A
793 BARNABY RD SE,20032,1,0,
80 GALVESTON PL SW,20032,7,3,"A, B, D"
80 P ST NW,20001,2,1,3
800 4TH ST SW,20024,1,1,N603
800 KENILWORTH AVE NE,20019,25,7,"101, 108, 210, 242, 306, 311, 429"
800 KENILWORTH TER NE,20019,1,1,212
801 LONGFELLOW ST NW,20011,23,0,
804 RANDOLPH ST NE,20017,3,1,4
806 CHANNING PL NE,20018,2,2,"419, 518"
806 KENNEDY ST NW,20011,1,1,COMMON
806 LONGFELLOW ST NW,20011,6,1,B2
807 7TH ST NE,20002,11,1,EXTERIOR
807 A ST SE,20003,3,1,1
807 T ST NW,20001,2,1,EXTERIOR
808 12TH ST NE,20002,1,0,
808 BLADENSBURG RD NE,20002,34,17,"101, 105, 106, 107, 218, 219, 222, 316, 417, 419, 518, 519, 522, 523, 618, 620, 621"
808 CHESAPEAKE ST SE,20032,12,2,"103, 204"
809 21ST ST NE,20002,3,0,
809 JEFFERSON ST NW,20011,1,0,
809 KENNEDY ST NW,20011,12,7,"110, 206, 305, 402, 404, COMMON, ext/com"
809 NEW JERSEY AVE SE,20003,3,2,"725, 1238"
81 HAWAII AVE NE,20011,8,2,"81, COMMON"
810 NEW JERSEY AVE NW,20001,50,4,"212, 1102, 1207, 1209"
810 OTIS PL NW,20010,22,1,1
811 QUINCY ST NW,20011,4,2,"308, 409"
812 CHESAPEAKE ST SE,20032,10,1,A
812 JEFFERSON ST NW,20011,6,2,"205, 216"
814 49TH ST NE,20019,2,0,
814 MISSOURI AVE NW,20011,5,0,
814 TUCKERMAN ST NW,20011,7,0,
815 50TH PL NE,20019,3,0,
815 MALCOLM X AVE SE,20032,2,1,1
816 TAYLOR ST NE,20017,1,1,3
818 52ND ST NE,20019,3,0,
818 BLADENSBURG RD NE,20002,17,4,"201, 206, 306, 406"
819 D ST NE,20002,1,1,Com/Hallwa
822 BARNABY ST SE,20032,8,1,404
822 EASTERN AVE NE,20019,21,0,
823 51ST ST SE,20019,1,0,
825 48TH PL NE,20019,7,1,A
825 JUNIPER ST NW,20012,1,1,T4
827 20TH ST NE,20002,1,0,
830 KENNEDY ST NW,20011,6,1,37
835 H R DR SE,20032,2,0,
836 48TH ST NE,20019,2,0,
838 MADISON ST NW,20011,3,0,
839 FLORIDA AVE NE,20002,1,0,
84 GALVESTON ST SW,20032,7,1,102
844 50TH PL NE,20019,6,0,
847 21ST ST NE,20002,2,1,6
847 48TH ST NE,20019,10,1,A
851 20TH ST NE,20002,1,1,3
851 YUMA ST SE,20032,1,1,COMMON
853 21ST ST NE,20002,1,1,Common
855 20TH ST NE,20002,2,1,#2
86 FORRESTER ST SW,20032,14,2,"104, 302"
86 GALVESTON ST SW,20032,2,2,"102, T2"
875 10TH ST NW,20001,5,1,220
9 GIRARD ST NE,20002,1,0,
90 GALVESTON ST SW,20032,3,1,102
900 19TH ST NE,20002,17,2,"3, Common"
900 5TH ST SE,20003,6,4,"108, 228, 342, 348"
900 G ST NE,20002,27,12,"114, 123, 127, 202, 217, 422, 616, 715, 717, 726, 802, 714"
900 QUINCY ST NE,20017,15,3,"2, 4, Common"
900 VARNEY ST SE,20032,8,2,"107, 3"
901 5TH ST SE,20003,9,0,
901 6TH ST SW,20024,7,2,"701, 111"
901 NEW JERSEY AVE NW,20001,20,6,"206, 211, 808, 812, 918, COMMON"
901 RHODE ISLAND AVE NW,20001,6,3,"212, 312, com/area"
901 VARNEY ST SE,20032,1,1,C
902 21ST ST NE,20002,8,1,107
905 19TH ST NE,20002,12,1,3
905 5TH ST SE,20003,10,1,905
905 6TH ST SW,20024,2,1,202B
905 BLAKNEY LN SE,20032,5,0,
907 9TH ST NE,20002,2,0,
907 BARNABY ST SE,20032,1,0,
907 LAWRENCE ST NE,20017,1,0,
908 EASTERN AVE NE,20019,1,1,201
910 EASTERN AVE NE,20019,7,1,03
913 BELLEVUE ST SE,20032,52,6,"105, 204, 205, 301, 303, 304"
914 DECATUR ST NW,20011,2,0,
914 EASTERN AVE NE,20019,1,1,203
915 L ST NW,20001,3,1,211
916 BARNABY ST SE,20032,1,1,202
916 EASTERN AVE NE,20019,3,1,302
917 VARNEY ST SE,20032,1,0,
917 WAHLER PL SE,20032,3,0,
919 VARNEY ST SE,20032,1,1,A
92 HAWTHORNE CT NE,20017,5,1,92
920 H ST NE,20002,1,0,
920 MADISON ST NW,20011,10,1,204
921 19TH ST NE,20002,4,1,3
921 ASPEN ST NW,20012,2,0,
921 QUINCY ST NE,20017,15,0,
923 INGRAHAM ST NW,20011,1,0,
924 EUCLID ST NW,20001,3,0,
924 LONGFELLOW ST NW,20011,3,0,
925 N ST NW,20001,2,1,EXTERIOR
927 52ND ST NE,20019,1,1,1
927 WAHLER PL SE,20032,8,0,
929 INGRAHAM ST NW,20011,4,0,
930 FARRAGUT ST NW,20011,3,1,314
930 SYCAMORE DR SE,20032,9,2,"210, 113"
935 KENNEDY ST NW,20011,2,1,B2
939 LONGFELLOW ST NW,20011,5,1,110
94 GALVESTON ST SW,20032,16,4,"201, 202, 301, Common"
94 L ST NW,20001,12,1,B
940 DIVISION AVE NE,20019,1,1,4
944 4TH ST SE,20003,1,0,
945 LONGFELLOW ST NW,20011,40,7,"4, 5, 6, 7, 10, COMMON, COMMON/EXT"
949 1ST ST SE,20003,2,1,1239
950 24TH ST NW,20037,15,7,"207, 317, 407, 712, 1107, 1208, 1209"
950 SYCAMORE DR SE,20032,1,0,
954 SOUTHERN AVE SE,20032,1,1,203
96 GALVESTON ST SW,20032,5,1,T1
960 MOUNT OLIVET RD NE,20002,17,1,1
961 14TH ST SE,20003,6,1,A
966 MOUNT OLIVET RD NE,20002,6,1,2
98 GALVESTON ST SW,20032,2,1,201
98 WEBSTER ST NE,20011,4,1,201
980 MOUNT OLIVET RD NE,20002,2,1,1
99 BLAIR ALY SW,20024,1,0,
99 BLAIR SW,20024,1,1,356
99 WEBSTER ST NE,20011,13,3,"104, 201, 303"
