full_address,zipcode,ward,total_evictions,unique_eviction_units,eviction_unit_list
-B 718 MARIETTA PL NW,20011,Ward 2,1,1,NW
10 35TH ST SE,20019,Ward 7,1,1,203
10 HALLEY PL SE,20032,Ward 8,1,1,103
10 K ST SE,20003,Ward 6,2,2,"1202, PH28"
100 FLORIDA AVE NE,20002,Ward 5,7,7,"1226, 416, 732, 803, 1116, 1416, 631"
100 K ST NE,20002,Ward 6,5,5,"1205, 519, 601, 1106, 1214"
100 MICHIGAN AVE NE,20017,Ward 5,1,1,A41
1000 29TH ST NW,20007,Ward 2,1,0,
1000 6TH ST SW,20024,Ward 6,1,1,315
1000 SOUTH CAPITOL ST SE,20003,Ward 6,2,2,"609, 802"
1001 4TH ST NW,20024,Ward 6,1,1,101
1001 H ST NE,20002,Ward 6,1,1,2ND
1001 PENNSYLVANIA AVE NW,20004,Ward 2,1,1,101
1001 SPRING RD NW,20010,Ward 4,2,2,"401, 220"
1005 FIRST ST NE,20002,Ward 6,6,6,"1062, 1135, 836, 758, 1145, 339"
1005 FIRST STRRET NE,20002,Ward 6,1,1,358
1005 NORTH CAPITOL ST NE,20002,Ward 6,1,1,1310
101 0 ST SW,20024,NA,2,0,
101 FRANKLIN ST NE,20002,Ward 5,2,0,
101 G ST SW,20024,Ward 6,3,3,"412, 212, 514"
1010 HALF ST SE,20003,Ward 6,6,5,"958, 1080, 561, 1082, 660"
1010 MASSACHUSETTS AVE NW,20001,Ward 2,1,1,GROUND
1011 1ST ST SE,20003,Ward 6,4,4,"780, 1008, PH06, 220"
1015 1/2 7TH ST NW,20001,Ward 2,1,1,NW
1016 WAHLER PL SE,20032,Ward 8,1,0,
102 GALVESTON ST SW,20032,Ward 8,1,1,201
102 IRVINGTON ST SW,20032,Ward 8,2,2,"202, 303"
1023 15TH ST NW,20005,Ward 2,1,1,100
1023 FAIRMONT ST NW,20001,Ward 1,1,1,301
1027 16TH ST NE,20002,Ward 5,1,1,2
103 G ST SW,20024,Ward 6,3,3,"320, 219, 610"
1034 EUCLID ST NW,20001,Ward 1,1,1,101
1034 EUCLID ST NW,20009,Ward 1,1,1,101
104 ATLANTIC ST SE,20032,Ward 8,1,1,4
104 GALVESTON ST SW,20032,Ward 8,1,1,T1
105 FRANKLIN ST NE,20002,Ward 5,1,0,
105 Q ST NW,20001,Ward 5,1,1,101
1054 31ST ST NW,20007,Ward 2,1,1,316
106 MICHIGAN AVE NE,20017,Ward 5,2,1,106
1065 WISCONSIN AVE NW,20007,Ward 2,2,0,
107 FRANKLIN ST NE,20002,Ward 5,1,0,
108 ATLANTIC ST SE,20032,Ward 8,2,2,"103, 101"
108 IRVINGTON ST SW,20032,Ward 8,1,1,202
108 MICHIGAN AVE NE,20017,Ward 5,1,1,E12
11 35TH ST SE,20019,Ward 7,1,1,302
110 GALVESTON ST SW,20032,Ward 8,1,1,101
110 IRVINGTON ST SW,20032,Ward 8,1,1,103
110 MARYLAND AVE NE,20002,Ward 6,1,1,510
1100 21ST PL NE,20002,Ward 5,3,2,"204, 203"
1100 6TH ST SW,20024,Ward 6,5,5,"S303, S307, S210, APTS510, S204"
1100 EASTERN AVE NE,20019,Ward 7,1,1,305
1100 FIRST ST SE,20003,Ward 6,6,6,"1209, 718, 612, 319, 202, 203"
1100 MCCOLLOUGH CT NW,20001,Ward 2,1,1,102
1100 MISSISSIPPI AVE SE,20032,Ward 8,8,7,"233, 346, 252, 340, 243, 453, 235"
1100 TRENTON PL SE,20032,Ward 8,1,1,203
1101 EUCLID ST NW,20009,Ward 1,1,1,12
1101 FERN ST NW,20012,Ward 4,1,1,301
1103 ABBEY PL NE,20002,Ward 6,1,0,
1104 21ST PL NE,20002,Ward 5,1,1,104
1105 19TH ST NE,20002,Ward 5,1,1,6
1106 21ST PL NE,20002,Ward 5,2,2,"103, 201"
1106 EASTERN AVE NE,20019,Ward 7,2,1,101
1108 21ST PL NE,20002,Ward 5,1,1,203
1109 21ST PL NE,20002,Ward 5,3,2,"J, 302"
111 DANBURY ST SW,20032,Ward 8,1,1,SW
111 TAUSSIG PL NE,20011,Ward 5,1,1,1
1111 21ST ST NE,20002,Ward 5,4,3,"204, 103, 301"
1111 COLUMBIA RD NW,20009,Ward 1,1,1,410
1111 D ST NE,20002,Ward 6,2,2,"21, 33"
1111 MASSACHUSETTS AVE NW,20005,Ward 2,1,1,212
1111 MCCOLLOUGH CT NW,20001,Ward 2,1,1,302
1111 NEW JERSEY AVE SE,20003,Ward 6,1,1,1104
1111 ORREN ST NE,20002,Ward 5,1,1,205
1111 QUEEN ST NE,20002,Ward 5,1,1,3
1112 RAUM ST NE,20002,Ward 5,1,1,3
1113 21ST ST NE,20002,Ward 5,2,2,"304, 103"
1113 WILMINGTON PL SE,20032,NA,1,1,302
1115 21ST ST NE,20002,Ward 5,3,3,"203, 304, 104"
1115 21STSTREET NE,20002,NA,1,1,103
1117 MCCOLLOUGH CT NW,20001,Ward 2,1,1,103
112 FORT DR NE,20011,Ward 5,2,2,"1, 3"
112 GALVESTON ST SW,20032,Ward 8,1,1,T1
112 MICHIGAN AVE NE,20017,Ward 5,2,1,112
1120-1124 CONGRESS ST NE,20002,NA,1,1,1ST
1122 46TH ST NE,20019,Ward 7,1,1,A
1122 BLADENSBURG RD NE,20002,Ward 5,1,1,506
1124 16TH ST NE,20002,Ward 5,1,1,3
1124 CONGRESS ST NE,20002,Ward 6,1,1,2ND
1125 SPRING RD NW,20010,Ward 4,3,3,"001, 023, 313"
1128 BAMABY TER SE,20032,NA,1,1,SE
113 GALVESTON ST SW,20032,Ward 8,1,1,B1
113 O ST SW,20024,Ward 6,1,1,2
113 WILMINGTON PL SE,20032,Ward 8,1,1,103
1132 16TH ST NE,20002,Ward 5,1,1,1
1133 WAHLER PL SE,20032,Ward 8,1,1,1133
114 DANBURY ST SW,20032,Ward 8,2,1,5
1140 NORTH CAPITOL ST NW,20002,Ward 6,5,5,"714, 305, 515, 318, 705"
1140 NORTH CAPTIOL ST NW,20002,Ward 6,2,2,"815, 411"
115 FRANKLIN ST NE,20002,Ward 5,1,1,H24
1150 12TH ST NW,20005,Ward 2,8,8,"907, 712, 212, 401, 901, 903, 514, 715"
1150 17TH ST NE,20002,Ward 5,2,1,2
1150 4TH ST SW,20024,Ward 6,7,7,"425, 408, 407, 916, 424, PH09, PH21"
1150 4TH STREEET SW,20024,Ward 6,1,1,222
1150 FIRST ST NE,20002,Ward 6,1,1,313
1151 4TH ST SW,20024,Ward 6,13,11,"1004, 224, 601, 1123, 812, 924, PH04, PH15, 519, 303, 302"
116 16TH ST SE,20003,Ward 6,1,1,4
116 44TH ST NE,20019,Ward 7,1,1,210
116 INGRAHAM ST NW,20011,Ward 4,2,0,
116 T ST NE,20002,Ward 5,16,15,"241, 140, 356, 336, 146, 158, 326, 324, 3337, 410, 129, 417, 358, 317, G08"
1160 FIRST ST NE,20002,Ward 6,6,6,"219, 1135, 704, PH43, 826, 411"
117 FRANKLIN ST NE,20002,Ward 5,1,1,124
117 FRANKLIN ST NE,20008,Ward 5,1,1,I24
117 Q ST NW,20001,Ward 5,1,0,
1178 MORSE ST NE,20002,Ward 5,2,2,"B, 202"
119 FRANKLIN ST NE,20002,Ward 5,3,1,J24
12 ANACOSTIA RD SE,20019,Ward 7,1,1,22
12 CHESAPEAKE ST SW,20032,Ward 8,1,1,1
120 36TH ST NE,20019,Ward 7,1,1,NE
120 45TH ST NE,20019,Ward 7,4,4,"535, 603, 417, 705"
120 IRVINGTON ST SW,20032,Ward 8,1,1,202
120 TRENTON PL SE,20032,Ward 8,2,2,"10, 1"
1200 MISSISSIPPI AVE SE,20032,Ward 8,8,8,"402, 304, 223, 322, 319, 204, 221, 206"
1200 NORTH CAPITOL ST NW,20002,Ward 6,12,9,"C, A, C111, B, C106, A813, A206, C212, A706"
1201 HALF ST SE,20003,Ward 6,1,1,W21203
1201 OAK DR SE,20032,Ward 8,17,8,"C, G, F, G010, C105, E, A, B"
1203 7TH ST NW,20001,Ward 2,2,2,"404, 401"
1205 HALF ST SE,20003,Ward 6,2,2,"W30833, W30805"
1206 10TH ST NW,20001,Ward 2,2,1,L10
121 YUMA ST SE,20032,Ward 8,1,1,108
1210 4TH ST NW,20001,Ward 2,2,2,"APT, 301"
1210 PENNSYLVANIA AVE SE,20003,Ward 6,1,0,
1210 TAYLOR ST NW,20011,Ward 4,1,1,4
1212 4TH ST SE,20003,Ward 6,6,6,"636, 501, 432, 708, 617, 509"
1212 HOLBROOK ST NE,20002,Ward 5,1,1,2
1212 TALBERT ST SE,20020,Ward 8,1,1,303
1213 BRENTOOWD RD NE,20018,NA,1,0,
1215 49TH ST NE,20019,Ward 7,2,2,"303, 202"
1218 TAYLOR ST NE,20017,Ward 5,1,0,
1218 U ST SE,20020,Ward 8,1,1,2
1219 18TH PL NE,20002,Ward 5,1,1,3
1220 12TH ST NW,20005,Ward 2,3,3,"501, 707, 1013"
1220 19TH ST NW,20036,Ward 2,1,1,110
1220 7TH ST NW,20001,Ward 2,1,1,103
1220 CANAL ST SW,20024,Ward 6,1,0,
1221 M ST NW,20005,Ward 2,17,16,"1003, 304, 336, 433, 221, 227, 607, 129, 426, 831, 526, 229, 532, 303, 1036, 326"
1221 MASSACHUSETTS AVE NW,20005,Ward 2,2,1,425
1221 N ST NW,20005,Ward 2,1,1,1
1221 VAN ST SE,20003,Ward 6,7,6,"0212, 408, 210423, 211026, 920, 210721"
1222 MEIGS PL NE,20002,Ward 5,1,1,2
1222 MISSOURI AVE NW,20011,Ward 4,1,1,1
1222 U ST SE,20020,Ward 8,1,1,3
1225 49TH ST NE,20019,Ward 7,2,2,"204, 101"
1225 VALLEY AVE SE,20032,Ward 8,2,2,"202, 201"
1227 HALF ST SW,20024,Ward 6,1,0,
1227 QUEEN ST NE,20002,Ward 5,1,1,3
1229 G ST SE,20003,Ward 6,7,6,"201, 318, 604, 626, 401, 311"
1229 SAVANNAH PL SE,20032,Ward 8,1,0,
123 FRANKLIN ST NE,20002,Ward 5,1,1,L22
1230 SOUTHERN AVE SE,20032,Ward 8,2,2,"304, 301"
1234 MASSACHUSETTS AVE NW,20005,Ward 2,1,1,120
1234 SOUTHERN AVE SE,20032,Ward 8,1,1,202
124 ATLANTIC ST SE,20032,Ward 8,3,2,"304, 302"
124 WEBSTER ST NW,20011,Ward 4,1,1,10A
1240 18TH ST NE,20002,Ward 5,1,1,2
1240 4TH ST NE,20002,Ward 5,1,1,237
1247 PENN ST NE,20002,Ward 5,2,2,"4, 1"
125 YUMA ST SE,20032,Ward 8,1,1,106
1250 9TH ST NW,20001,Ward 2,1,1,502
1250 CONNECTICUT AVE NW,20036,Ward 2,1,1,601
1250 HALF ST SE,20003,Ward 6,12,6,"736, 1020, 400, 426, 1113, 620"
1255 WISCONSIN AVE NW,20007,Ward 2,2,1,8
1258 SIMMS PL NE,20002,Ward 5,1,1,4
1259 RAUM ST NE,20002,Ward 5,1,1,3
126 35TH ST SE,20019,Ward 7,2,2,"102, 103"
126 IVANHOE ST SW,20032,Ward 8,1,1,201
1261 RAUM ST NE,20002,Ward 5,1,1,3
1263 FIRST ST SE,20003,Ward 6,1,1,509
1266 MORSE ST NE,20002,Ward 5,1,1,106
1267 WISCONSIN AVE NW,20007,Ward 2,1,0,
127 GALVESTON ST SW,20032,Ward 8,2,2,"301, B1"
1270 4TH ST NE,20002,Ward 5,2,2,"523, 0212"
1273 MEIGS PL NE,20002,Ward 5,1,1,1
1279 BRENTWOOD RD NE,20018,Ward 5,1,1,2
128 KENILWORTH AVE NE,20019,Ward 7,1,0,
1280 UNION ST NE,20002,Ward 5,1,1,322
129 35TH ST NE,20019,Ward 7,1,1,3
1293 BRENTWOOD RD NE,20018,Ward 5,1,1,5
13 BASS CIR SE,20019,Ward 7,1,1,301
130 42ND ST NE,20019,Ward 7,1,0,
130 IRVINGTON ST SW,20032,Ward 8,1,1,101
130 M ST NE,20001,Ward 6,2,1,613
130 M ST NE,20002,Ward 6,6,4,"209, 602, 1116, 204"
130 WEBSTER ST NW,20011,Ward 4,1,1,5D
1300 CONGRESS ST SE,20032,Ward 8,2,2,"6, 3"
1300 H ST NE,20002,Ward 6,1,1,406
1300 PENNSYLVANIA AVE NW,20004,Ward 2,1,0,
1300 SARATOGA AVE NE,20018,Ward 5,1,1,6
1301 15TH ST NW,20005,Ward 2,2,2,"821, 617"
1301 7TH ST NW,20001,Ward 2,3,3,"208, 406, 122"
1301 M ST NW,20005,Ward 2,2,2,"1009, 906"
1302 SARATOGA AVE NE,20018,Ward 5,1,1,3
1303 GIRARD ST NE,20017,Ward 5,1,0,
1306 SARATOGA AVE NE,20018,Ward 5,3,2,"2, 3"
1307 12TH ST NW,20005,Ward 2,1,1,508
1307 46TH ST SE,20019,Ward 7,1,0,
1309 COLUMBIA RD NW,20009,Ward 1,1,1,301
1310 6TH ST NW,20001,Ward 2,1,1,204
1310 RIDGE PL SE,20020,Ward 8,1,0,
1312 MASSACHUSETTS AVE NW,20005,Ward 2,2,1,501
1315 CLIFTON ST NW,20009,Ward 1,1,1,012
1317 BARNABY TER SE,20032,Ward 8,1,0,
1317 F ST NW,20004,Ward 2,1,1,100
1318 SARATOGA AVE NE,20018,Ward 5,2,2,"2, 1"
132 MICHIGAN AVE NE,20017,Ward 5,1,1,132
1320 4TH ST NE,20002,Ward 5,2,2,"PH, 901"
1321 HOLBROOK ST NE,20002,Ward 5,1,0,
1322 CONGRESS ST SE,20032,Ward 8,1,1,5
1322 MISSISSIPPI SE,20032,Ward 8,1,1,102
1323 5TH ST NW,20001,Ward 2,2,2,"101, 302"
1323 ANACOSTIA RD SE,20019,Ward 7,1,1,4
1324 MAIN DR NW,20012,Ward 4,9,7,"102, 322, 212, 313, 204, 326, 225"
1325 15TH ST NW,20005,Ward 2,2,2,"603, 0900"
1325 SAVANNAH ST SE,20032,Ward 8,1,1,1
1326 CONGRESS ST SE,20032,Ward 8,1,1,6
1326 FLORIDA AVE NE,20002,Ward 5,3,3,"302, 306, 406"
1327 14TH ST NW,20005,Ward 2,1,1,300
1328 14TH ST NW,20008,Ward 2,1,1,507
133 IVANHOE ST SW,20032,Ward 8,1,1,102
133 YUMA ST SE,20032,Ward 8,1,1,12
1330 1ST ST SW,20024,Ward 6,1,0,
1330 7TH ST NW,20001,Ward 2,11,10,"812, 104, 915, 909, 906, 1004, 808, 706, 507, 313"
1331 4TH ST SE,20003,Ward 6,2,1,501
1331 C ST SE,20003,Ward 6,2,1,31
1331 FORT STEVENS DR NW,20011,Ward 4,1,1,107
1331 MARYLAND AVE SW,20024,Ward 2,3,2,"130, 239"
1333 BRYANT ST NE,20018,Ward 5,1,0,
1333 SAVANNAH ST SE,20032,Ward 8,2,2,"7, 6G"
1334 FORT STEVENS DR NW,20011,Ward 4,3,1,1
1334 NORTH CAPITOL ST NW,20001,Ward 5,1,1,FIRST
1335 FORT STEVENS DR NW,20011,Ward 4,1,1,0
1336 H ST TN) E,20002,NA,1,0,
1336 MISSIOURI AVE NW,20011,Ward 4,1,1,425
1336 MISSOURI AVE NW,20011,Ward 4,3,2,"515, 313"
1337 5TH ST NW,20001,Ward 2,1,1,NW
1338 8TH ST NW,20001,Ward 2,1,1,0305
1338 R ST NW,20009,Ward 2,2,2,"201, 412"
1339 FORT STEVENS DR NW,20011,Ward 4,4,3,"316, 103, 106"
134 42ND ST NE,20019,Ward 7,1,1,B24
1341 ADAMS ST NE,20018,Ward 5,1,1,4
1341 CONNECTICUT AVE NW,20036,Ward 2,1,1,4
1341 HOWARD RD SE,20020,Ward 8,1,1,301
1342 EASTERN AVE NE,20019,Ward 7,1,1,301
1342 H ST NE,20002,Ward 6,1,0,
1346 4TH ST SE,20003,Ward 6,6,6,"527, 415, 801, 226, 326, 225"
1346 PARK RD NW,20010,Ward 1,1,1,2A
1349 HOWARD RD SE,20020,Ward 8,1,1,301
135 3RD ST NE,20002,Ward 6,1,1,3
135 IRVINGTON ST SW,20032,Ward 8,2,2,"202, 101"
1350 E ST SE,20003,Ward 6,1,1,365
1350 JASPER PL SE,20020,Ward 8,2,1,103
1352 JASPER PL SE,20020,Ward 8,1,1,301
1352 TALBERT CT SE,20020,Ward 8,1,1,14A
1355 17TH ST NW,20036,Ward 2,1,1,520
136 IVANHOE ST SW,20032,Ward 8,1,1,201
136 KENILWORTH AVE NE,20019,Ward 7,1,1,2C
1360 MORRIS RD SE,20020,Ward 8,1,1,304
1360 PEABODY ST NW,20011,Ward 4,1,1,301
1368 EUCLID ST NW,20009,Ward 1,2,2,"409, 203"
137 FORRESTER ST SW,20032,Ward 8,2,2,"B2, 9"
1375 FAIRMONT ST NW,20009,Ward 1,1,1,304
1375 HALF ST SW,20024,Ward 6,1,0,
138 42ND ST NE,20019,Ward 7,1,0,
138 MICHIGAN AVE NE,20017,Ward 5,1,1,138
1388 TUCKERMAN ST NW,20011,Ward 4,2,2,"B4, B6"
139 MISSISSIPPI AVE SE,20032,Ward 8,5,1,SE
1395 ASPEN ST NW,20012,Ward 4,1,1,208
14 CHESAPEAKE ST SW,20032,Ward 8,1,1,2
140 KENILWORTH AVE NE,20019,Ward 7,1,1,2D
140 M ST NE,20002,Ward 6,4,4,"243, 447, 1242, 955"
140 MICHIGAN AVE NE,20017,Ward 5,1,1,T23
1400 20TH ST NW,20036,Ward 2,1,1,310
1400 29TH ST SE,20020,Ward 7,1,1,7
1400 IRVING ST NW,20010,Ward 1,7,6,"947, 131, 234, 637, 135, 445"
1400 IRVINING ST NW,20010,NA,1,1,747
1400 K ST NW,20005,Ward 2,1,1,104
1400 MONTANA AVE NE,20018,Ward 5,2,2,"227, 118"
1401 FAIRMONT ST NW,20009,Ward 1,1,1,204
1401 N ST NW,20005,Ward 2,2,2,"109, 413"
1401 NEW YORK AVE NE,20002,Ward 5,4,4,"573, 676, 347, 529"
1401 OKIE ST NE,20002,Ward 5,1,0,
1401 PENNSYLVANIA AVE SE,20003,Ward 6,1,1,201
1401 TUCKERMAN ST NW,20011,Ward 4,1,1,NO
1402 DOWNING ST NE,20018,Ward 5,2,2,"2, 6"
1402 H ST NE,20002,Ward 6,2,0,
1402 OKIE ST NE,20002,Ward 5,1,0,
1404 EUCLID ST NW,20009,Ward 1,1,1,06
1406 DOWNING ST NE,20018,Ward 5,1,1,4
1406 P ST NW,20005,Ward 2,1,0,
1406 P ST NW,20005,NA,1,1,STREET
1408 OKIE ST NE,20002,Ward 5,1,0,
1411 SARATOGA AVE NE,20018,Ward 5,1,1,6
1411 T ST SE,20020,Ward 8,1,1,3
1412 DOWNING ST NE,20018,Ward 5,2,2,"4, 3"
1414 BELMONT ST NW,20009,Ward 1,1,1,409
1414 UPSHUR ST NW,20011,Ward 4,1,1,202
1415 RHODE ISLAND AVE NW,20005,Ward 2,1,1,505
1416 DOWNING ST NE,20018,Ward 5,1,1,5
1416 R ST NW,20009,Ward 2,4,4,"100, A, 104, 103"
142 42ND ST NE,20019,Ward 7,1,1,H
142 MICHIGAN AVE NE,20017,Ward 5,2,1,142
1420 DOWNING ST NE,20018,Ward 5,1,1,4
1421 EUCLID ST NW,20009,Ward 1,4,3,"403, 303, 406"
1421 MASSACHUSETTS AVE NW,20005,Ward 2,5,5,"410, 108, 803, 304, 208"
1422 L ST NW,20005,Ward 2,1,0,
1424 R ST NW,20009,Ward 2,3,3,"2, 402, 1"
1425 FIRST ST SW,20024,Ward 6,1,1,21
1425 P ST NW,20005,Ward 2,1,1,A304
1426 NORTH CAPITOL ST NW,20002,Ward 5,1,0,
1427 HOLBROOK ST NE,20002,Ward 5,1,1,1
1428 CLIFTON ST NW,20009,Ward 1,2,1,02
1428 EASTERN AVE NE,20019,Ward 7,1,1,B2
1428 R ST NW,20009,Ward 2,2,2,"105, 403"
1428 SARATOGA AVE NE,20018,Ward 5,1,1,2
1429 COLUMBIA RD NW,20009,Ward 1,1,1,44
1431 LONGFELLOW ST NW,20011,Ward 4,1,0,
1432 CLIFTON ST NW,20009,Ward 1,2,1,05
1433 SPRING RD NW,20010,Ward 4,1,1,306
1433 T ST NW,20002,Ward 2,1,1,T8
1434 PERRY PL NW,20010,Ward 1,2,1,1
1434 SARATOGA AVE NE,20018,Ward 5,1,1,5
1436 R ST NW,20009,Ward 2,1,1,304
1437 MONTANA AVE NE,20018,Ward 5,1,1,3
144 MICHIGAN AVE NE,20017,Ward 5,1,0,
1440 R ST NW,20009,Ward 2,1,1,202
1440 V ST NW,20009,Ward 1,3,3,"504, 413, 813"
1441 HARVARDS ST NW,20009,Ward 1,1,1,3
1443 FAIRMONT ST NW,20009,Ward 1,1,0,
1444 RHODE ISLAND AVE NW,20005,Ward 2,2,2,"410, 218"
1444 SMITH PL SE,20032,Ward 8,1,1,APT
1445 OGDEN ST NW,20010,Ward 1,3,3,"224, 317, 122"
1445 SMITH PL SE,20032,Ward 8,1,1,101
1448 4TH ST SW,20024,Ward 6,1,0,
145 IVANHOE ST SW,20032,Ward 8,1,1,201
1450 IRVINGTON ST NW,20010,NA,2,1,23
1453 HOLBROOK ST NE,20002,Ward 5,1,1,2
1456 OAK ST NW,20010,Ward 1,1,1,101
1460 IRVING ST NW,20010,Ward 1,2,2,"201, 209"
1462 4TH ST SW,20024,Ward 6,1,0,
1466 COLUMBIA RD NW,20009,Ward 1,1,1,29
147 IVANHOE ST SW,20032,Ward 8,2,2,"101, 202"
1471 GIRARD ST NW,20009,Ward 1,1,1,2
1475 EUCLID ST NW,20009,Ward 1,2,2,"205, 114"
1475 MASSACHUSETTS AVE NW,20005,Ward 2,1,1,ROOM
1483 NEWTON ST NW,20010,Ward 1,2,2,"104, 401"
149 IVANHOE ST SW,20032,Ward 8,1,1,202
1490 7TH ST NW,20001,Ward 2,2,2,"505, 401"
15 41ST ST NE,20019,Ward 7,2,2,"304, 203"
15 ELMIRA ST SE,20032,Ward 8,1,1,1
15 K ST NE,20011,Ward 6,2,1,BACK
150 I ST SE,20003,Ward 6,2,2,"1103, PH03"
150 Q ST NE,20002,Ward 5,1,1,1406
150 XENIA ST SE,20032,Ward 8,1,1,202
1500 7TH ST NW,20001,Ward 2,1,1,517
1500 MASSACHUSETTS AVE NW,20005,Ward 2,3,3,"126, 615, 248"
1501 HARRY THOMAS WY NE,20002,Ward 5,4,4,"U611, 319, 440, 651"
1505 22ND ST NW,20037,Ward 2,1,0,
1505 E ST SE,20003,Ward 6,1,0,
1508 V ST SE,20020,Ward 8,1,1,3
1509 BENNING RD NE,20002,Ward 6,1,0,
1509 T ST SE,20020,Ward 7,1,1,206
151 JOLIET ST SW,20032,Ward 8,3,3,"302, 103, 101"
151 Q ST NE,20002,Ward 5,7,7,"3122, 3107, 3324, 3553, 3522, 3506, 3302"
1511 BENNING RD NE,20002,Ward 6,2,2,"E12, E11"
1511 FRANKLIN ST NE,20018,Ward 5,5,5,"508, 308, 401, 406, 506"
1513 MORRIS RD SE,20020,Ward 8,1,0,
1515 F ST NE,20002,Ward 6,1,1,A11
1515 OGDEN ST NW,20010,Ward 1,2,2,"609, 213"
1517 DOWNING ST NE,20018,Ward 5,2,0,
1517 F ST NE,20002,Ward 6,1,1,F33
1519 F ST NE,20002,Ward 6,1,1,G34
1521 YOUNG ST SE,20020,Ward 8,1,1,102
1522 QUEEN ST NE,20002,Ward 5,1,1,1
1522 U ST NW,20009,Ward 2,1,1,LOWER
1523 F ST NE,20002,Ward 6,1,0,
1526 V ST SE,20020,Ward 8,1,1,4
1529 28TH ST SE,20020,Ward 7,1,1,302
1530 16TH ST NW,20036,Ward 2,1,1,411
1530 RHODE ISLAND AVE NE,20018,Ward 5,1,1,301
1530 U ST NW,20009,Ward 2,1,1,1ST
1535 MORRIS RD SE,20020,Ward 8,2,2,"302, 102"
1537 GALES ST NE,20002,Ward 6,1,1,4
1538 NEW JERSEY AVE NW,20001,Ward 2,1,1,5
154 36TH ST NE,20019,Ward 7,2,1,1
155 JOLIET ST SW,20032,Ward 8,1,1,101
1550 7TH ST NW,20001,Ward 2,3,3,"429, 234, 310"
1550 FIRST ST SW,20024,Ward 6,18,15,"805, 308, 1005, 701, 1008, 901, 607, 403, 603, 903, 608, 907, PH03, 502, 201"
1551 ANACOSTIA AVE NE,20019,Ward 7,1,1,21
1560 WISOCNSIN AVE NW,20007,Ward 2,1,0,
16 CHESAPEAKE ST SW,20032,Ward 8,1,1,2
1600 16TH ST NW,20009,Ward 2,3,3,"410, 607, 907"
1600 FRANKFORD ST SE,20020,Ward 8,1,1,206
1600 ISHERWOOD ST NE,20002,Ward 6,2,2,"B, 1"
1600 MARYLAND AVE NE,20002,Ward 5,15,14,"504, 311, 151, 307, 358, 406, 145, 239, 233, 349, 413, 313, 247, 127"
1600 PENNSYLVANIA AVE SE,20003,Ward 6,6,6,"405, B11, 410, 106, 402, B10"
1601 17TH ST SE,20020,Ward 8,1,1,102
1601 ARGONNE PL NW,20009,Ward 1,1,1,431
1601 MINNESOTA AVE SE,20020,Ward 7,1,1,1
1601 MONTELLO AVE NE,20002,Ward 5,1,1,NE
1601 MORRIS RD SE,20020,Ward 8,3,3,"303, 304, 203"
1609 21ST PL SE,20020,Ward 8,3,3,"7, 9, 4"
161 DANBURY ST SW,20032,Ward 8,2,0,
1610 21ST PL SE,20020,Ward 8,1,1,1
1610 ISHERWOOD ST NE,20002,Ward 6,1,1,3
1610 MASSACHUSETTS AVE SE,20003,Ward 6,1,0,
1610 PARK RD NW,20010,Ward 1,4,4,"402, 219, 421, 512"
1610 SAVANNAH ST SE,20020,Ward 8,4,3,"201, 102, 101"
1611 ECKINGTON PL NE,20002,Ward 5,2,2,"JU0215, JU0505"
1611 PARK RD NW,20010,Ward 1,1,1,T
1611 SAVANNAH ST SE,20020,Ward 8,1,1,301
1612 SAVANNAH ST SE,20020,Ward 8,4,4,"203, 303, 304, 204"
1613 SAVANNAH ST SE,20020,Ward 8,2,2,"301, 201"
1614 17TH ST NW,20009,Ward 2,1,1,701
1614 SAVANNAH ST SE,20020,Ward 8,3,2,"304, 102"
1614 WISCONSIN AVE NW,20007,Ward 2,1,0,
1615 FRANKLIN ST NE,20018,Ward 5,2,2,"209, 211"
1615 MORRIS RD SE,20020,Ward 8,5,5,"302, 304, 201, 303, 103"
1617 GALES ST NE,20002,Ward 6,1,1,2-
1617 RHODE ISLAND AVE NE,20018,Ward 5,3,3,"503, 202, 401"
1619 17TH ST SE,20020,Ward 8,1,1,106
1621 BUTLER ST SE,20020,Ward 8,1,1,3
1623 FORT DAVIS PL SE,20020,Ward 7,1,0,
1625 BUTLER ST SE,20020,Ward 8,1,1,2
1625 FRANKLIN ST NE,20018,Ward 5,1,1,204
1626 28TH ST SE,20019,Ward 7,1,1,6
1629 COLUMBIA RD NW,20009,Ward 1,14,12,"824, 330, 416, 813, 331, 115, 609, 400, 219, 420, 203, 607"
1629 K ST NW,20006,Ward 2,2,2,"100M, FIRST"
163 35TH ST NE,20019,Ward 7,1,1,1
1630 PARK RD NW,20010,Ward 1,1,1,109
1631 S ST NW,20009,Ward 2,1,1,503
1635 18TH ST SE,20020,Ward 8,2,2,"204, 302"
1636 18TH ST SE,20020,Ward 8,1,1,205
1636 LYMAN PL NE,20002,Ward 5,2,1,4
1642 6TH ST NW,20001,Ward 2,1,1,B
1645 W ST SE,20020,Ward 8,1,1,204
1649 FRANKLIN ST NE,20017,Ward 5,1,1,9
1649 FRANKLIN ST NE,20018,Ward 5,1,1,8
1650 V ST SE,20020,Ward 8,2,0,
1650 WEST VIRGINIA AVE NE,20002,Ward 5,1,1,3
1676 MARYLAND AVE NE,20002,Ward 5,18,17,"285, 338, 559, 271, 215, 280, 474, 574, 454, 440, 370, 416, 613, 418, 510, 471, 464"
169 JOLIET ST SW,20032,Ward 8,2,2,"201, 103"
16TH ST NW,20010,NA,1,1,4
17 GALVESTON ST SW,20032,Ward 8,3,3,"204, 103, B1"
17 MISSISSIPPI AVE SE,20032,Ward 8,5,5,"304, 307, 405, 306, 309"
1700 29TH ST SE,20020,Ward 7,1,1,202
1700 CAPITOL AVE NE,20002,Ward 5,1,1,2
1700 HARVARD ST NW,20009,Ward 1,1,1,402
1701 BENNING RD NE,20002,Ward 6,1,1,A21
1701 H ST NE,20002,Ward 5,1,1,906
1702 SUMMIT PL NW,20009,Ward 1,1,1,502
1705 FRANKFORD ST SE,20020,Ward 8,1,0,
1707 COLUMBIA RD NW,20009,Ward 1,1,0,
1708 GALES ST NE,20002,Ward 6,1,1,B1
1708 T ST SE,20020,Ward 7,1,1,201
1710 7TH ST NW,20001,Ward 2,2,2,"81, 54"
1710 SAVANNAH ST SE,20020,Ward 8,3,2,"302, 304"
1710 T ST SE,20020,Ward 7,2,2,"104, 203"
1710 TRENTON PL SE,20020,Ward 8,1,1,304
1711 T ST NW,20009,Ward 2,1,1,11
1712 40TH ST SE,20020,Ward 7,1,0,
1714 Q ST NW,20009,Ward 2,2,1,2
1715 H ST NE,20002,Ward 5,2,1,2
1715 HAMLIN ST NE,20018,Ward 5,1,1,17
1717 EAST CAPITOL ST SE,20003,Ward 6,2,2,"135, 223"
1717 R ST NW,20009,Ward 2,6,6,"311, 105, 413, 305, 314, 214"
1717 S ST SE,20020,Ward 7,1,1,107
1719 GAINESVILLE ST SE,20020,Ward 8,1,1,102
1719 SAVANNAH ST SE,20020,Ward 8,1,1,302
1720 27TH ST SE,20020,Ward 7,1,1,205
1720 SAVANNAH ST SE,20020,Ward 8,1,1,304
1722 19TH ST NW,20009,Ward 2,3,3,"101, 504, 112"
1722 19TH STEREET NW,20009,NA,1,1,308
1723 MONTELLO AVE NE,20002,Ward 5,1,1,2
1725 ALABAMA AVE SE,20020,Ward 8,3,3,"201, 101, 203"
1728 W ST SE,20020,Ward 8,2,0,
1729 ALABAMA AVE SE,20020,Ward 8,1,1,104
1730 7TH ST NW,20001,Ward 2,7,6,"513, 813, 504, 811, 207, 312"
1730 R ST SE,20020,Ward 8,1,1,305
1730 RHODE ISLAND AVE NW,20036,Ward 2,1,1,608
1731 28TH ST SE,20020,Ward 7,2,2,"103, 201"
1732 CONNECTICUT AVE NW,20009,Ward 2,1,0,
1733 MINNESOTA AVE SE,20020,Ward 8,1,1,3
1735 GALES PL NE,20002,Ward 6,1,1,NE
1736 RHODE ISLAND AVE NE,20018,Ward 5,3,3,"112, 316, 405"
1736 RHODE ISLAND NE,20018,Ward 5,1,1,305
1736 UPSHUR ST NW,20011,Ward 4,1,0,
1737 MINNESOTA AVE SE,20020,Ward 8,1,1,1
1739 INDEPENDENCE AVE SE,20003,Ward 6,2,0,
1740 EUCLID ST NW,20009,Ward 1,1,1,602
1741 28TH ST SE,20020,Ward 7,3,2,"12, 311"
1741 P ST NW,20036,Ward 2,1,1,3
1743 N CAPITOL ST NE,20002,Ward 5,1,1,B
1750 P ST NW,20036,Ward 2,3,3,"0205, 0803, 806"
1752 COLUMBIA RD NW,20009,Ward 1,1,1,2
1754 LANIER PL NW,20009,Ward 1,1,1,305
1757 W ST SE,20032,Ward 8,1,1,UNIT
177 36TH ST NE,20019,Ward 7,1,1,3
178 36TH ST NE,20019,Ward 7,1,1,4
1800 HALF ST SW,20024,Ward 6,6,6,"437, 537, 217, 837, 230, 711"
1800 MINNESOTA AVE SE,20020,Ward 8,3,3,"G1, 201, 3"
1804 BENNING RD NE,20002,Ward 5,2,1,1A
1806 23RD ST SE,20020,Ward 7,2,2,"11, 11A"
1806 I ST NE,20002,Ward 5,1,1,2
1806 Q ST SE,20020,Ward 8,1,1,SE
1807 23RD ST SE,20020,Ward 7,1,1,241
1808 23RD ST SE,20020,Ward 7,3,2,"22B, 22"
1809 18TH ST SE,20020,Ward 7,1,1,1
1809 SAVANNAH ST SE,20020,Ward 8,1,1,303
181 JOLIET ST SW,20032,Ward 8,1,1,204
1810 23RD ST SE,20020,Ward 7,1,1,31
1810 C ST SE,20003,Ward 6,1,1,3
1810 MISSISSIPPI AVE SE,20020,Ward 8,3,2,"303, 202"
1810 SAVANNAH ST SE,20020,Ward 8,1,1,303
1810 TRENTON PL SE,20020,Ward 8,1,1,303
1811 23RD ST SE,20020,Ward 7,3,2,"223, 222"
1811 GAINESVILLE ST SE,20020,Ward 8,1,0,
1811 IRVING ST NE,20018,Ward 5,2,2,"102, 204"
1813 23RD ST SE,20020,Ward 7,1,1,211
1813 M ST NW,20006,Ward 2,1,0,
1814 23RD ST SE,20020,Ward 7,1,1,42
1814 I ST NE,20002,Ward 5,1,1,10
1814 IRVING ST NE,20018,Ward 5,3,2,"306, 105"
1815 17TH ST NW,20009,Ward 2,2,2,"602, 414"
1815 23RD ST SE,20020,Ward 7,1,1,203B
1815 24TH ST NE,20002,Ward 5,1,1,101
1815 P ST SE,20020,Ward 8,1,1,31-A
1815 Q ST SE,20020,Ward 8,1,1,2
1815 TRENTON PL SE,20020,Ward 8,2,1,304
1816 29TH ST SE,20020,Ward 7,2,1,304
1817 23RD ST SE,20020,Ward 7,2,2,"192C, 192"
1817 GAINESVILLE ST SE,20020,Ward 8,1,0,
1818 24TH ST NE,20002,Ward 5,1,1,104
1820 23RD ST SE,20020,Ward 7,1,1,72D
1820 TRENTON PL SE,20020,Ward 8,2,2,"303, 102"
1822 PROVIDENCE ST NE,20002,Ward 5,1,1,1
1824 SAVANNAH ST SE,20020,Ward 8,2,2,"301, 204"
1825 7TH ST NW,20001,Ward 1,10,10,"707, 219, 318, 819, 909, 518, 409, 601, 813, 608"
1825 MARYLAND AVE NE,20002,Ward 5,1,1,24
1825 SAVANNAH ST SE,20020,Ward 8,1,1,103
1825 SUMMIT PL NW,20009,Ward 1,1,1,G3
1826 24TH ST NE,20002,Ward 5,1,1,102
1826 HARVARD ST NW,20009,Ward 1,1,1,101
1827 24TH ST NE,20002,Ward 5,2,2,"202, T3"
1827 ADAMS MILL RD NW,20009,Ward 1,1,0,
1827 BENNING RD NE,20002,Ward 6,1,1,201
1829 EAST CAPITOL ST SE,20003,Ward 6,2,1,LOWER
183 35TH ST NE,20019,Ward 7,1,1,4
1831 24TH ST NE,20002,Ward 5,1,0,
1835 CENTRAL PL NE,20002,Ward 5,4,4,"15, 2, 1, 5"
1838 I ST NE,20002,Ward 5,1,1,1
1839 13TH ST NW,20009,Ward 1,1,1,407
1840 MASSACHUSETTS AVE SE,20003,Ward 6,1,0,
1842 MARYLAND AVE NE,20002,Ward 5,1,1,3
1845 HARVARD ST NW,20009,Ward 1,9,9,"712, 802, 631, 917, 704, 205, 921, 618, 217"
1845 SUMMIT PL NW,20009,Ward 1,3,3,"A07, 607, 305"
1846 MARYLAND AVE NE,20002,Ward 5,1,1,1
1847 GOOD HOPE RD SE,20020,Ward 8,3,1,302
1847 MASSACHUSETTS AVE SE,20003,Ward 6,1,1,7
1850 PENNSYLVANIA AVE NW,20006,Ward 2,1,1,100
1853 KENDALL ST NE,20002,Ward 5,1,1,3
1876 4TH ST NE,20002,Ward 5,5,5,"234, 328, 119, 317, 226"
1884 COLUMBIA RD NW,20009,Ward 1,4,4,"308, 803, 920, 718"
1887 TUBAN RD SE,20020,Ward 8,1,0,
1899 L ST NW,20036,Ward 2,1,0,
19 ELMIRA ST SE,20032,Ward 8,1,1,3
19 GALLATIN ST NE,20011,Ward 5,1,1,4
1900 16TH ST SE,20020,Ward 7,1,1,305
1900 23RD ST SE,20020,Ward 7,4,3,"81B, 81, 82A"
1900 LAMONT ST NW,20010,Ward 1,1,1,105
1900 SAVANNAH TERRANCE SE,20020,Ward 6,1,0,
1901 C ST SE,20003,Ward 6,11,11,"252, 12, 146, 418, 451, 150, 46, 147, 354, 306, 110"
1901 CONNECTICUT AVE NW,20009,Ward 1,1,1,217
1901 LINCOLN RD NE,20002,Ward 5,1,1,104
1903 23RD ST SE,20020,Ward 7,1,1,171A
1904 M ST NE,20002,Ward 5,2,1,4
1905 23RD ST SE,20020,Ward 7,1,1,161
1906 23RD ST SE,20020,Ward 7,1,1,111B
1907 23RD ST SE,20020,Ward 7,1,1,151
1908 9TH ST NW,20001,Ward 1,1,1,B
1909 23RD ST SE,20020,Ward 7,2,2,"142A, 142"
1911 R ST NW,20009,Ward 2,2,2,"501A, 401"
1912 FREDERICK DOUGLASS CT SE,20020,Ward 8,1,0,
1912 Q ST SE,20020,Ward 8,1,1,3
1913 MICHIGAN AVE NE,20018,Ward 5,1,0,
1916 R ST NW,20009,Ward 2,2,1,306
1917 M ST NE,20002,Ward 5,1,1,2
1917 MINNESOTA AVE SE,20020,Ward 8,2,2,"4, 12"
1919 3RD ST NW,20001,Ward 1,2,2,"204, 322"
1920 NAYLOR RD SE,20020,Ward 8,1,1,103
1921 8TH ST NW,20001,Ward 1,2,2,"405, E"
1924 8TH ST NW,20001,Ward 1,6,5,"436, W201, 231, W, W326"
1925 MINNESOTA AVE SE,20020,Ward 8,3,3,"10, 6, 5"
1926 17TH ST NW,20009,Ward 2,1,1,1
1928 KEARNEY ST NE,20018,Ward 5,1,0,
1928 NAYLOR SE,20020,Ward 8,1,1,103
1930 COLUMBIA RD NW,20009,Ward 1,2,2,"707, 416"
1933 9TH ST NW,20019,Ward 1,1,0,
1935 3RD ST NE,20002,Ward 5,2,2,"104, 4"
1936 11TH ST NW,20001,Ward 1,1,0,
1936 NAYLOR RD SE,20020,Ward 8,2,2,"302, 304"
1959 CAPITOL AVE NE,20002,Ward 5,1,1,2
2 18TH ST SE,20003,Ward 6,1,1,229
2 CHESAPEAK ST SW,20032,Ward 8,1,1,3
2 CHESAPEAKE ST SW,20032,Ward 8,1,1,4
2 FORRESTER ST SE,20032,Ward 8,1,1,301
2 I ST SE,20003,Ward 6,1,1,437
2 M ST NE,20002,Ward 6,5,5,"1025, 1219, 0519, 0727, 912"
20 RIDGE SQUARE NW,20016,Ward 3,1,1,720
200 ELMIRA ST SW,20032,Ward 8,2,2,"406, 409"
200 FLORIDA AVE NE,20002,Ward 5,8,8,"1507, 1511, 1306, 1130, 1524, 1032, 1011, 429"
200 K ST NE,20002,Ward 6,7,7,"PH20, 1148, 845, 802, 1029, 1201, 850"
200 K ST NW,20001,Ward 6,5,5,"310, 716, 719, 715, 703"
200 M ST SW,20024,Ward 6,1,1,36
200 P ST NW,20001,Ward 5,2,1,14
200 Q ST NE,20002,Ward 5,5,5,"2323, 2508, 2416, 2419, 2108"
200 RHODE ISLAND AVE NE,20002,Ward 5,3,3,"514, 1, 229N"
200 RHODE ISLAND NE,20002,Ward 5,2,2,"305, 424"
2001 15TH ST NW,20009,Ward 1,2,2,"407, 609"
2001 16TH ST NW,20009,Ward 1,1,1,102
2001 38TH ST SE,20020,Ward 7,1,1,301
2001 M ST NE,20002,Ward 5,1,1,4
2004 RHODE ISLAND AVE NE,20018,Ward 5,2,1,BASEMENT
2005 I ST NE,20002,Ward 5,1,1,1
2006 RIDGECREST CT SE,20020,Ward 8,1,1,203
201 17TH ST SE,20003,Ward 6,1,0,
201 36TH ST NE,20019,Ward 7,1,1,201
201 58TH ST NE,20019,Ward 7,1,1,207
201 ELMIRA ST SW,20032,Ward 8,2,2,"308, 306"
201 I ST NE,20002,Ward 6,3,3,"313, 516, 103"
201 I ST SW,20024,Ward 6,4,3,"508, 328, 608"
2011 16TH ST SE,20020,Ward 8,1,1,3
202 ELMIRA ST SW,20032,Ward 8,1,1,412
2020 F ST NW,20006,Ward 2,2,2,"524, 317"
2021 K ST NW,20006,Ward 2,1,1,400
2027 RHODE ISLAND AVE NE,20018,Ward 5,5,4,"004, 407, 206, 207"
203 N ST SW,20024,Ward 6,2,2,"201, 314"
207 ELMIRA ST SW,20032,Ward 8,1,1,323
208 34TH ST NE,20019,Ward 7,1,0,
208 KENILWORTH AVE NE,20019,Ward 7,2,2,"3B, 3C"
21 ATLANTIC ST SW,20032,Ward 8,2,2,"418, 317"
210 WEBSTER ST NE,20011,Ward 5,1,1,1
2100 CHANNING ST NE,20018,Ward 5,1,1,3C
2100 MARYLAND AVE NE,20002,Ward 5,3,2,"201, 202"
2100 RHODE ISLAND AVE NE,20018,Ward 5,1,0,
2101 WISCONSIN AVE NW,20007,Ward 3,1,1,317
2102 MARYLAND AVE NE,20002,Ward 5,2,2,"301, 304"
2102 SAVANNAH TER SE,20020,Ward 8,2,0,
2103 I ST NE,20002,Ward 5,3,2,"5, 12"
2104 18TH ST NW,20009,Ward 1,1,1,PARKING
2104 I ST NE,20002,Ward 5,2,2,"201, 103"
2104 SAVANNAH TER SE,20020,Ward 8,1,1,D
2105 I ST NE,20002,Ward 5,4,3,"11, 2, 4"
2105 MARYLAND AVE NE,20002,Ward 5,2,2,"203, 103"
2106 I ST NE,20002,Ward 5,4,3,"203, 101, 202"
2106 MARYLAND AVE NE,20002,Ward 5,1,1,104
2106 VERMONT AVE NW,20001,Ward 1,1,1,3-2
2107 I ST NE,20002,Ward 5,2,2,"02, 8"
2107 MARYLAND AVE NE,20002,Ward 5,1,1,301
2108 I ST NE,20002,Ward 5,1,1,102
2108 MARYLAND AVE NE,20002,Ward 5,1,1,103
2108 MARYLAND AVE SE,20002,Ward 5,1,1,301
2109 I ST NE,20002,Ward 5,4,4,"12, 11, 4, 2"
2109 MARYLAND AVE NE,20002,Ward 5,1,1,303
2110 I ST NE,20002,Ward 5,2,2,"302, 303"
2110 MARYLAND AVE NE,20002,Ward 5,2,2,"304, 303"
2110 MISSISSIPPI AVE SE,20020,Ward 8,1,1,204
2110-2116 5TH ST NE,20002,NA,1,0,
2112 I ST NE,20002,Ward 5,2,2,"102, 103"
2113 MARYLAND AVE NE,20002,Ward 5,1,1,101
2117 I ST NE,20002,Ward 5,1,1,3
2119 I ST NE,20002,Ward 5,2,2,"6, 8"
212 21ST ST NE,20002,Ward 6,1,0,
2121 1ST ST SW,20024,Ward 6,21,21,"702, 305, PH03, 840, 805, 351, 423, 428, 347, 634, 450, 872, 574, 404, 522, 618, 337, 659, 420, PH15, 772"
2121 1ST STREEET SW,20024,Ward 6,1,1,764
2121 I ST NE,20002,Ward 5,3,2,"9, 11"
2121 K ST NW,20037,Ward 2,1,1,SUIT
2122 MASSACHUSETTS AVE NW,20008,Ward 2,1,1,524
2123 I ST NE,20002,Ward 5,1,1,5
2125 4TH ST NW,20001,Ward 1,1,1,216
2128 GLAGLER PL NW,20001,Ward 5,1,0,
213 MISSISSIPPI AVE SE,20032,Ward 8,1,1,201
2131 9TH ST NW,20001,Ward 1,3,3,"334, 628, 506"
214 KENILWORTH AVE NE,20019,Ward 7,2,2,"1C, 3A"
214 KENWILWORTH AVE NE,20019,Ward 7,1,1,3A
215 ADAMS ST NE,20002,Ward 5,2,2,"4, 2"
2151 CALIFORNIA AVE NW,20008,Ward 2,1,1,402
2160 CALIFORNIA ST NW,20008,Ward 2,1,0,
219 KENNEDY ST NW,20011,Ward 4,1,0,
219 NEWCOMB ST SE,20032,Ward 8,1,1,301
219 O ST SW,20024,Ward 6,1,1,16
219 OAKWOOD ST SE,20032,Ward 8,1,1,103
219 UPSHUR ST NW,20011,Ward 4,1,1,209
22 ATLANTIC ST SE,20032,Ward 8,1,1,201
22 BANNER LN NW,20001,Ward 6,2,2,"801, 530"
22 CHESAPEAKE ST SW,20032,Ward 8,1,1,3
22 M ST NE,20002,Ward 6,1,1,828
2200 U PL SE,20020,Ward 7,2,0,
2201 SAVANNAH ST NE,20020,Ward 8,1,1,103
2201 SAVANNAH ST SE,20020,Ward 8,1,1,306
2201 WISCONSIN AVE NW,20007,Ward 3,1,1,506
2206 18TH ST NW,20009,Ward 1,1,0,
2213 14TH ST NW,20009,Ward 1,1,1,301
2219 TOWN CENTER DR SE,20020,Ward 7,23,17,"225, 276, 434, 208, 261, 329, 287, 227, 423, 364, 212, 188, 316, 336, 256, 377, 257"
222 M ST SW,20024,Ward 6,12,12,"219, 802, 101, 622, 901, 314, 621, 816, 705, 524, 212, 103"
2220 11TH ST NW,20001,Ward 1,3,3,"212, PH02, 211"
2220 SAVANNAH TER SE,20020,Ward 8,2,1,23
2224 SAVANNAH TER SE,20020,Ward 8,1,1,22
2225 SAVANNAH TER SE,20020,Ward 8,2,2,"23, 24"
2228 MARTIN LUTHER KING JR AVE SE,20020,Ward 8,9,9,"303, 214, 418, 405, 301, 228, 317, 521, APT"
2228 MARTIN LUTHER KING JR SE,20020,Ward 8,1,1,405
223 ANACOSTIA RD SE,20019,Ward 7,1,1,304
223 ORANGE ST SE,20032,Ward 8,1,1,14
2234 SAVANNAH TER SE,20020,Ward 8,3,3,"31, 13, 1"
2235 SAVANNAH TER SE,20020,Ward 8,2,2,"21, 31"
2239 SAVANNAH TER SE,20020,Ward 8,2,2,"33, 22"
224 36TH ST NE,20019,Ward 7,1,1,4
2240 SAVANNAH TER SE,20020,Ward 8,1,1,23
2244 SAVANNAH TER SE,20020,Ward 8,1,1,14
2245 SAVANNAH TER SE,20020,Ward 8,3,2,"12, 24"
225 36TH ST NE,20019,Ward 7,1,1,301
225 56TH PL NE,20019,Ward 7,1,1,NE
225 I ST NE,20002,Ward 6,5,4,"313, 714, 503, 1211"
225 ORANGE ST SE,20032,Ward 8,1,1,32
2255 WISCONSIN AVE NW,20007,Ward 3,2,2,"109, 401"
226 UPSHUR ST NW,20011,Ward 4,1,1,5
227 MISSISSIPPI AVE SE,20032,Ward 8,1,1,202
229 63RD ST NE,20019,Ward 7,1,0,
229 V ST NW,20001,Ward 1,1,0,
23 GALVESTON ST SW,20032,Ward 8,1,1,202
230 RHODE ISLAND AVE NE,20002,Ward 5,4,4,"611, 404, 205, 511"
2300 AINGER PL SE,20020,Ward 8,1,0,
2300 GOOD HOPE RD SE,20020,Ward 7,2,2,"618, 820"
2300 WASHINGTON PL NE,20018,Ward 5,7,5,"211, 414, 319, 407, 118"
2301 11TH ST NW,20001,Ward 1,2,2,"512, 714"
2302 HARTFORD ST SE,20020,Ward 8,3,3,"404, 102, 204"
2303 14TH ST NW,20009,Ward 1,1,1,322
2303 BANCROFT PL NW,20008,Ward 2,1,0,
2303 GOOD HOPE CT SE,20020,Ward 8,1,1,304
2303 SOUTH ST SE,20020,NA,1,1,2
2304 GOOD HOPE RD SE,20020,Ward 7,2,2,"102, 20"
2304 HARTFORD ST SE,20020,Ward 8,3,3,"204, 402, 301"
2306 HARTFORD ST SE,20020,Ward 8,1,1,301
2306 HARTFORD ST SE,20032,Ward 8,1,1,303
2308 HARTFORD ST SE,20020,Ward 8,1,1,402
2309 GOOD HOPE CT SE,20020,Ward 8,1,1,204
231 37TH ST SE,20019,Ward 7,1,0,
231 63RD ST NE,20019,Ward 7,1,0,
2311 GREEN ST SE,20020,Ward 8,2,2,"201, 101"
2315 HARTFORD ST SE,20020,Ward 8,1,1,302
2315 LINCOLN RD NE,20002,Ward 5,1,1,301
2319 GOOD HOPE CT SE,20020,Ward 8,1,1,101
2319 GREEN ST SE,20020,Ward 8,1,1,4
2321 4TH ST NE,20002,Ward 5,5,5,"511, 212, 524, 316, 527"
2321 GOOD HOPE CT SE,20020,Ward 8,2,2,"302, 303"
2321 LINCOLN RD NE,20002,Ward 5,6,5,"310, 206, 105, 10, 301"
2322 41ST ST NW,20007,Ward 3,1,1,002
2323 PENNSLYVANIA AVE SE,20020,Ward 8,1,1,312
2323 PENNSYLVANIA AVE SE,20020,Ward 8,4,4,"511, 324, 209, 509"
2323 SHERMAN AVE NW,20001,Ward 1,8,7,"P112, 340, 506, 238, 216, 619, 577"
2325 15TH ST NW,20009,Ward 1,4,2,"110, 501"
2327 GREEN ST SE,20020,Ward 8,1,1,1
2330 GOOD HOPE RD SE,20020,Ward 7,3,3,"105, 212, 904"
2331 GREEN ST SE,20020,Ward 8,3,3,"4, 1, 3"
2332 NAYLOR RD SE,20020,Ward 8,1,0,
2333 16TH ST SE,20020,Ward 8,1,1,303
2334 IRVING ST SE,20020,Ward 8,1,1,101
2336 2ND ST NE,20002,Ward 5,1,1,NE
2337 GREEN ST SE,20020,Ward 8,1,1,203
234 35TH ST NE,20019,Ward 7,3,1,1
2341 GREEN ST SE,20020,Ward 8,1,1,204
2344 PITTS PL SE,20020,Ward 8,1,1,303
2345 GREEN ST SE,20020,Ward 8,2,2,"T1, 201"
2346 PITTS PL SE,20020,Ward 8,1,1,202
2347 GREEN ST SE,20020,Ward 8,2,2,"2, 202"
2349 S ST SE,20020,Ward 7,1,0,
235 CARROLL ST NW,20012,Ward 4,1,1,309
2350 WASHINGTON PL NE,20018,Ward 5,5,5,"305, 521, 408, 301, 629"
237 37TH ST SE,20019,Ward 7,1,1,SE
239 OAKWOOD ST SE,20020,Ward 8,1,1,4
2390 POMEROY RD SE,20020,Ward 8,5,4,"B406, B303, B309, B"
24 R ST NE,20002,Ward 5,1,0,
2400 HARTFORD ST SE,20020,Ward 8,4,4,"301, 201, 204, A1"
2400 POMEROY RD SE,20020,Ward 8,1,1,204
2400 VIRGINIA AVE NW,20037,Ward 2,3,3,"C726, C1101, C"
2401 CALVERT ST NW,20008,Ward 3,2,2,"914, 629"
2401 JAMES BANK RD SE,20020,Ward 8,4,0,
2401 JAMES BANKS RD SE,20020,Ward 8,6,2,"C204, C307"
2402 ELVANS RD SE,20020,Ward 8,1,1,401
2402 HARTFORD ST SE,20020,Ward 8,6,4,"301, 202, 204, 303"
2404 ELVANS RD SE,20020,Ward 8,4,2,"404, 302"
2404 HARTFORD ST SE,20020,Ward 8,3,3,"101, 304, B1"
2406 ELVANS RD SE,20020,Ward 8,3,3,"102, 303, 202"
2409 18TH ST NW,20009,Ward 1,1,1,BASEMENT
2409 BRYAN PL SE,20020,Ward 8,1,0,
2410 ELVANS RD SE,20020,Ward 8,2,2,"101, 103"
2410 HARTFORD ST SE,20020,Ward 8,5,5,"303, 103, 203, 101, B1"
2412 AINGER PL SE,20020,Ward 8,4,4,"218, 306, 102, 224"
2412 ELVANS RD SE,20020,Ward 8,1,1,404
2412 FRANKLIN RD NE,20018,Ward 5,1,1,208
2412 FRANKLIN ST NE,20018,Ward 5,1,1,208
2412 HARTFORD ST SE,20020,Ward 8,3,3,"103, 203, 104"
2412 POMEROY RD SE,20020,Ward 8,1,1,101
2413 18TH PL SE,20020,Ward 8,2,0,
2416 K ST NW,20037,Ward 2,2,2,"804, 304"
2418 ELVANS RD SE,20020,Ward 8,1,1,201
242 12TH PL NE,20002,Ward 6,1,1,1
242 W ST NW,20001,Ward 1,1,1,22
2420 14TH ST NW,20009,Ward 1,2,2,"718, 822"
2420 16TH ST NW,20009,Ward 1,1,1,405
2420 ELVANS RD SE,20020,Ward 8,3,2,"301, 202"
2424 PENNSYLVANIA AVE NW,20037,Ward 2,3,3,"301, 607, 417"
2425 14TH ST NW,20009,Ward 1,1,1,307
2425 17TH ST NW,20009,Ward 1,3,3,"214, 22, 213"
2429 IRVING ST SE,20020,Ward 8,1,1,1
2432 QUEEN CHAPEL RD NE,20018,Ward 5,1,1,3
2440 M ST NW,20037,Ward 2,2,1,418
2442 MARTIN LUTHER KING JR AVE SE,20020,Ward 8,5,5,"225, 424, 213, 407, 413"
2446 WAGNER ST SE,20020,Ward 8,2,1,B
2450 VIRGINIA AVE NW,20037,Ward 2,1,1,E
2475 VIRGINIA AVE NW,20037,NA,1,1,200
249 FLORIDA AVE NW,20001,Ward 5,1,1,22
2493 ALABAMA AVE SE,20020,Ward 8,1,1,3
250 K ST NE,20002,Ward 6,1,1,517
2500 WISCONSIN AVE NW,20007,Ward 3,3,3,"530, 543, 506"
2501 25TH ST SE,20020,Ward 8,1,1,110
2501 Q STREEET NW,20007,Ward 2,1,1,115
2502 POMEROY RD SE,20020,Ward 8,1,1,102
2504 10TH ST NE,20018,Ward 5,2,2,"101, 509"
2504 POMEROY RD SE,20020,Ward 8,1,1,401
2506 POMEROY RD SE,20020,Ward 8,1,1,204
2508 POMEROY RD SE,20020,Ward 8,1,1,303
2509 CLIFFBOURNE PL NW,20009,Ward 1,1,1,B
2510 POMEROY RD SE,20020,Ward 8,2,2,"102, 304"
2511 Q ST NW,20007,Ward 2,1,1,007
2512 POMEROY RD SE,20020,Ward 8,1,1,204
2514 4TH ST NE,20002,Ward 5,1,1,303
2514 N ST SE,20019,Ward 7,1,1,1
2514 POMEROY RD SE,20020,Ward 8,1,1,402
2515 13TH ST NW,20009,Ward 1,1,1,505
2515 ALABAMA AVE SE,20020,Ward 8,1,1,418
2515 R ST SE,20020,Ward 7,7,6,"220, 302, 126, 314, 219, 304"
2515 SAVANNAH ST SE,20020,Ward 8,1,1,2
2516 SHERIDAN RD SE,20020,Ward 8,8,7,"223, 118, 413, 314, 319, 224, 313"
2518 17TH ST NW,20009,Ward 1,1,1,402
2520 TENTH ST NE,20018,Ward 5,1,1,17
2523 14TH ST NW,20009,Ward 1,1,1,GR02
2523 SAVANNAH ST SE,20020,Ward 8,1,1,21
2524 SOUTHERN AVE SE,20020,Ward 8,2,2,"14, 3"
2527 14TH ST NE,20018,Ward 5,1,1,5
2527 SAVANNAH ST SE,20020,Ward 8,1,1,01
2528 SOUTHERN AVE SE,20020,Ward 8,1,1,34
253 V ST NW,20001,Ward 1,1,1,12
2530 NAYLOR RD SE,20020,Ward 7,1,1,101
2530 PARK PL SE,20020,Ward 7,1,1,5
2531 SAVANNAH ST SE,20020,Ward 8,3,2,"11, 2"
2535 13TH ST NW,20009,Ward 1,1,1,305
2538 NAYLOR RD SE,20020,Ward 7,1,1,301
2540 ELVANS RD SE,20020,Ward 8,1,1,102
2547 ELVANS RD SE,20020,Ward 8,1,1,101
2549 ELVANS RD SE,20020,Ward 8,1,1,401
255 CARROLL ST NW,20012,Ward 4,1,1,264
2551 17TH ST NW,20009,Ward 1,1,1,207
2553 ELVANS RD SE,20020,Ward 8,1,1,202
2555 ELVANS RD SE,20020,Ward 8,1,1,204
2556 NAYLOR RD SE,20020,Ward 7,1,1,101
2557 ELVANS RD SE,20020,Ward 8,1,1,302
2589 NAYLOR RD SE,20020,Ward 8,1,1,103
26 CHESAPEAK ST SW,20032,Ward 8,1,1,2
26 CHESAPEAKE ST SW,20032,Ward 8,1,1,2
26 GALVESTON ST SW,20032,Ward 8,1,1,T1
26 GLAVESTON ST SW,20032,Ward 8,1,1,201
2601 JASPER ST SE,20020,Ward 8,1,1,5
2601 VIRGINA AVE NW,20037,Ward 2,1,1,708
2601 VIRGINIA AVE NW,20037,Ward 2,4,4,"512, 1028, 313, 207"
2603 JASPER ST SE,20020,Ward 8,2,2,"5, 2"
2605 BOWEN RD SE,20020,Ward 8,1,1,8
2605 JASPER ST SE,20020,Ward 8,5,3,"4, 3, 6"
2606 18TH ST SE,20020,Ward 8,3,2,"L, J"
2607 JASPER ST SE,20020,Ward 8,1,1,5
2607 NAYLOR RD SE,20020,Ward 8,1,1,201
2608 WADE RD SE,20020,Ward 8,1,1,103
2611 DOUGLASS RD SE,20020,Ward 8,1,1,202
2613 DOUGLASS RD SE,20020,Ward 8,1,0,
2613 MARTIN LUTHER KING JR AVE SE,20020,Ward 8,1,1,101
2613 NAYLOR RD SE,20020,Ward 8,1,1,01
2618 JASPER ST SE,20020,Ward 8,1,1,4
2619 42ND ST NW,20007,Ward 3,2,1,303
2619 BLADENBURG RD NE,20018,Ward 5,1,1,206
2619 JASPER ST SE,20020,Ward 8,1,1,2619
2619 NAYLOR RD SE,20020,Ward 8,1,1,202
2620 13TH ST NW,20009,Ward 1,1,1,A201
2620 BOWEN RD SE,20020,Ward 8,2,2,"308, 203"
2620 JASPER ST SE,20020,Ward 8,1,1,3
2623 BOWEN RD SE,20020,Ward 8,1,1,20
2625 NAYLOR RD SE,20020,Ward 8,1,1,102
2628 TUNLAW RD NW,20007,Ward 3,2,2,"303, B5"
2629 STANTON RD SE,20020,Ward 8,1,1,102
2632 GEORGIA AVE NW,20001,Ward 1,1,1,3
2632 MARTIN LUTHER KING JR AVE SE,20020,Ward 8,1,1,404
2632 SHERIDAN RD SE,20020,Ward 8,1,1,SE
2633 JASPER ST SE,20020,Ward 8,1,1,1
2634 SHERIDAN RD SE,20020,Ward 8,1,0,
2635 JASPER ST SE,20020,Ward 8,1,1,6
2635 POMEROY RD SE,20020,Ward 8,1,0,
2637 NAYLOR RD SE,20020,Ward 8,1,1,101
2637 STANTON RD SE,20020,Ward 8,2,2,"301, 104"
2639 BIRNEY PL SE,20020,Ward 8,2,2,"301, 304"
2640 WADE RD SE,20020,Ward 8,1,1,24
2641 STANTON RD SE,20020,Ward 8,2,2,"304, 201"
2645 DOUGLASS RD SE,20020,Ward 8,1,1,301
2645 NAYLOR RD SE,20020,Ward 8,1,1,T1
2649 PARK PL SE,20020,Ward 7,2,2,"101, 204"
2649 Q ST SE,20020,Ward 7,2,2,"103, 302"
2650 DOUGLASS PL SE,20020,Ward 8,2,2,"302, 202"
2650 DOUGLASS RD SE,20020,Ward 8,3,1,203
2650 Q ST SE,20020,Ward 7,1,1,203
2652 MARTIN LUTHER KING JR AVE SE,20020,Ward 8,1,1,114
2653 DOUGLASS RD SE,20020,Ward 8,2,2,"102, 103"
2655 15TH ST NW,20009,Ward 1,3,1,1ST
2657 STANTON RD SE,20020,Ward 8,3,3,"202, 308, 309"
2658 SHERIDAN RD SE,20020,Ward 8,1,1,4
2660 DOUGLASS PL SE,20020,Ward 8,3,3,"102, 302, 103"
2661 STANTON RD SE,20020,Ward 8,5,5,"309, 310, 108, 206, 210"
2664 DOUGLASS PL SE,20020,Ward 8,2,2,"104, 301"
26649 Q ST SE,20020,NA,1,1,204
267 V ST NW,20001,Ward 1,1,0,
2675 DOUGLASS RD SE,20020,Ward 8,1,1,204
2677 DOUGLASS RD SE,20020,Ward 8,2,1,204
2682 SHERIDAN RD SE,20020,Ward 8,1,1,1
27 O ST NW,20001,Ward 5,1,1,12
270 ST NW,20001,NA,1,1,212
2700 16TH ST NW,20009,Ward 1,1,1,2211
2700 JASPER ST SE,20020,Ward 8,2,2,"B29, 346"
2700 Q ST NW,20007,Ward 2,1,1,335
2700 WISCONSIN AVE NW,20007,Ward 3,1,1,605
2701 Q ST SE,20020,Ward 7,1,1,202
2701 SHIPLEY TER SE,20020,Ward 8,2,2,"2, 3"
2702 Q ST SE,20020,Ward 7,1,1,204
2702 WADE RD SE,20020,Ward 8,1,1,102
2703 SHIPLEY TER SE,20020,Ward 8,1,1,4
2705 BRUCE PL SE,20020,Ward 8,2,2,"12, 22"
2705 SHIPLEY TER SE,20020,Ward 8,1,1,2
2707 SHIPLEY TER SE,20020,Ward 8,2,2,"6, 5"
2708 SHIPLEY TER SE,20020,Ward 8,1,1,2708
2709 JASPER ST SE,20020,Ward 8,1,1,5
2709 ROBINSON PL SE,20020,Ward 8,3,2,"303, 304"
2709 SHIPLEY TER SE,20002,Ward 8,1,1,4
2710 SHERIDAN RD SE,20020,Ward 8,2,2,"3, 4"
2711 ROBINSON PL SE,20020,Ward 8,1,1,401
2713 ROBINSON PL SE,20020,Ward 8,1,1,302
2713 SHIPLEY TER SE,20020,Ward 8,1,1,2
2714 29TH ST SE,20020,Ward 7,1,1,190
2715 SHIPLEY TER SE,20020,Ward 8,3,3,"3, 6, 1"
2716 SHIPLEY TER SE,20020,Ward 8,1,1,2716
2718 & 2720 MARION BARRY AVE SE,20020,NA,1,1,SE
2718 SHERIDAN RD SE,20020,Ward 8,1,1,1
2719 31ST ST SE,20020,Ward 7,2,1,570
2719 TERRACE RD SE,20020,Ward 7,1,1,307
2721 ADAMS MILL RD NW,20009,Ward 1,1,1,102
2722 FORT BAKER DR SE,20020,Ward 7,1,1,2
2724 SHIPLEY TER SE,20020,Ward 8,1,1,2724
2725 SHIPLEY TER SE,20020,Ward 8,2,2,"4, 5"
2726 LANGSTON PL SE,20020,Ward 8,2,1,T2
2727 29TH ST NW,20008,Ward 3,1,1,305
2727 JASPER ST SE,20020,Ward 8,1,1,1
2728 LANGSTON PL SE,20020,Ward 8,3,3,"104, T1, 201"
2730 SHIPLEY TER SE,20020,Ward 8,1,1,2730
2730 WISCONSIN AVE NW,20007,Ward 3,1,1,04
2732 LANGSTON PL SE,20020,Ward 8,1,1,T2
2732 MINNESOTA AVE SE,20019,Ward 7,1,1,2
2734 LANGSTON PL SE,20020,Ward 8,2,2,"301, 202"
2738 SHIPLEY TER SE,20020,Ward 8,1,1,2738
2750 SHERIDAN RD SE,20020,Ward 8,1,1,2
2750 SHIPLEY TER SE,20020,Ward 8,1,1,2750
2752 SHIPLEY TER SE,20020,Ward 8,1,1,2752
2754 SHIPLEY TER SE,20020,Ward 8,1,1,2754
2755 MACOMB ST NW,20008,Ward 3,2,2,"208, 408"
2756 SHIPLEY TER SE,20020,Ward 8,1,1,2756
2765 NAYLOR RD SE,20020,Ward 8,3,3,"204, B5, 303"
2783 DOUGLASS RD SE,20020,Ward 8,1,1,SE
28 CHESAPEAKE ST SW,20032,Ward 8,2,2,"5, 3"
28 GALVESTON ST SW,20032,Ward 8,1,1,101
2800 ERIE ST SE,20020,Ward 7,1,1,A2
2800 JASPER RD SE,20020,Ward 8,2,1,103
2800 POMEROY RD SE,20020,Ward 8,2,1,1
2800 QUEBEC ST NW,20008,Ward 3,1,1,1139
2801 15TH ST NW,20009,Ward 1,2,2,"210, 203"
2801 PENNSYLVANIA AVE SE,20020,Ward 7,2,2,"208, 106"
2801 QUEBEC ST NW,20008,Ward 3,1,1,110
2801 R ST SE,20020,Ward 7,1,1,6
2802 JASPER RD SE,20020,Ward 8,1,1,103
2802 N ST SE,20019,Ward 7,1,1,201
2804 14TH ST NW,20009,Ward 1,1,1,103
2808 JASPER RD SE,20020,Ward 8,1,1,404
2808 POMEROY RD SE,20020,Ward 8,1,1,1
2808 TERRACE RD SE,20020,Ward 7,1,1,B459
2810 SHIPLEY TER SE,20020,Ward 8,2,2,"301, 103"
2812 2ND ST SE,20032,Ward 8,1,1,2
2814 ERIE ST SE,20020,Ward 7,1,1,038
2822 GEORGIA AVE NW,20001,Ward 1,1,1,2
2825 JASPER RD SE,20020,Ward 8,1,1,304
2826 HARTFORD ST SE,20020,Ward 8,1,1,202
2829 GAINESVILLE ST SE,20020,Ward 8,1,1,104
2830 ROBINSON PL SE,20020,Ward 8,1,1,304
2832 ROBINSON PL SE,20020,Ward 8,1,1,301
2835 ROBINSON PL SE,20020,Ward 8,1,1,202
2837 ROBINSON PL SE,20020,Ward 8,1,1,401
2839 ROBINSON PL SE,20020,Ward 8,1,1,204
2840 ROBINSON PL SE,20020,Ward 8,1,1,402
2841 28TH ST SE,20020,Ward 8,1,1,1
2842 ROBINSON PL SE,20020,Ward 8,2,2,"404, 302"
2843 MINNESOTA AVE SE,20019,Ward 7,1,1,3
2843 ROBINSON PL SE,20020,Ward 8,2,2,"301, 302"
2844 WISCONSIN AVE NW,20007,Ward 3,3,3,"605, 601, 403"
2845 ROBINSON PL SE,20020,Ward 8,1,1,304
2850 23RD PL SE,20020,Ward 8,1,1,104
2850 DOUGLAS PL SE,20020,Ward 8,1,1,212
2850 HARTFORD ST SE,20020,Ward 8,1,1,101
2851 GEORGIA AVE NW,20001,Ward 1,1,0,
2852 23RD PL SE,20020,Ward 8,1,1,303
2859 DENVER ST SE,20020,Ward 7,1,1,3
286 M ST SW,20024,Ward 6,2,0,
2900 14TH ST NW,20009,Ward 1,1,1,215
2900 32ND ST SE,20020,Ward 7,1,0,
2901 NELSON PL SE,20019,Ward 7,1,1,4
2910 STANTON RD SE,20020,Ward 8,4,1,A211
2911 13TH ST NW,20009,Ward 1,1,1,B1
2917 NASH PL SE,20019,Ward 7,1,1,3
2919 JEFFERSON ST NW,20011,NA,1,0,
2921 KNOX PL SE,20020,Ward 8,1,1,301
2923 KNOX PL SE,20020,Ward 8,1,1,203
2929 CONNECTICUT AVE NW,20008,Ward 1,7,7,"109, 608, 607, 508, 303, 409, 612"
2929 NASH PL SE,20019,Ward 7,1,1,3
2930 KNOX PL SE,20020,Ward 8,4,4,"103, 110, 112, 111"
2930 POMEROY RD SE,20020,Ward 8,1,0,
2931 STANTON RD SE,20020,Ward 8,1,0,
2944 2ND ST SE,20032,Ward 8,1,1,21
2944 NASH PL SE,20019,Ward 7,1,1,101
2945 KNOX PL SE,20020,Ward 8,5,5,"102, 303, 204, 202, 101"
2950 VAN NESS ST NW,20008,Ward 3,7,7,"918, 212, 514, 909, 216, 117, 707"
2954 NASH PL SE,20019,Ward 7,1,1,103
2960 2ND ST SE,20032,Ward 8,1,1,21
3 TINGEY SQAURE SE,20003,Ward 6,1,1,721
3 TINGEY SQUARE 721 SE,20003,Ward 6,1,0,
3 TINGEY SQUARE SE,20003,Ward 6,6,5,"920, 420, 624, 622, 812"
30 RIDGE SQUARE NW,20016,Ward 3,1,1,451
300 49TH ST NE,20019,Ward 7,1,1,1
300 FLORIDA AVE NW,20001,Ward 5,1,1,NW
300 HAMILTON ST NE,20011,Ward 5,8,7,"106, 320, 126, 302, 411, 313, 202"
300 M ST NE,20002,Ward 6,3,3,"1008, 354, 303"
300 MORSE ST NE,20002,Ward 5,3,3,"453, 1121, 517"
300 NEAL PL NE,20002,Ward 5,1,1,902
3000 CONNECTICUT AVE NW,20008,Ward 3,2,2,"OG5, 309"
3001 BLADENSBURG RD NE,20018,Ward 5,1,1,906
3002 RODMAN ST NW,20008,Ward 3,3,3,"401, 201, 102"
3003 VAN NES ST NW,20008,Ward 3,2,2,"S925, W210"
3003 VAN NESS ST NW,20008,Ward 3,5,5,"W0633, W0413, S208, S909, W626"
3004 30TH ST SE,20020,Ward 8,1,1,5
3005 BLADENSBURG RD NE,20018,Ward 5,1,1,701
301 33RD ST SE,20019,Ward 7,1,1,201
301 37TH ST SE,20019,Ward 7,3,2,"202, 104"
301 ANACOSTIA RD SE,20019,Ward 7,3,3,"304, 301, 302"
301 DELAFIELD PL NW,20011,Ward 4,2,2,"B, 104"
301 G ST SW,20024,Ward 6,13,13,"318, 519, 823, 402, 515, 511, 602, 329, 331, 233, 605, 525, 714"
301 TINGEY ST SE,20003,Ward 6,4,4,"338, PH32, 106, PH26"
3015 24TH ST NE,20018,Ward 5,1,1,NE
302 LIVINGSTON TER SE,20032,Ward 8,1,1,8
3023 MASSACHUSETTS AENUE SE,20019,Ward 7,1,1,1
3024 NELSON PL SE,20019,Ward 7,2,1,4
3025 15TH ST NW,20009,Ward 1,1,1,B01
3026 STANTON RD SE,20002,Ward 8,1,0,
303 ANACOSTIA RD SE,20019,Ward 7,2,2,"102, 304"
3030 30TH ST SE,20020,Ward 8,3,3,"207, 212, 308"
3032 RODMAN ST NW,20008,Ward 3,1,1,34
3035 MASSACHUSETTS AVE SE,20019,Ward 7,2,2,"201, 202"
3035 STANTON RD SE,20020,Ward 8,2,2,"302, 104"
3039 30TH ST SE,20020,Ward 8,1,1,4
304 ANACOSTIA RD SE,20019,Ward 7,1,1,201
304 LIVINGSTON TER SE,20032,Ward 8,2,2,"8, 6"
3040 STANTON RD SE,20020,Ward 8,1,1,302
3042 STANTON RD SE,20020,Ward 8,2,2,"203, 101"
3044 STANTON RD SE,20020,Ward 8,1,1,1A
3046 STANTON RD SE,20020,Ward 8,1,1,104
3048 STANTON RD SE,20020,Ward 8,1,1,304
305 37TH ST SE,20019,Ward 7,1,1,2
305 ANACOSTIA RD SE,20019,Ward 7,2,1,201
3050 STANTON RD SE,20020,Ward 8,2,2,"2A, 103"
3052 STANTON RD SE,20020,Ward 8,2,1,102
3055 30TH ST SE,20020,Ward 8,1,1,3
3056 STANTON RD SE,20020,Ward 8,3,1,102
3058 STANTON RD SE,20020,Ward 8,2,1,104
306 ATLANTIC ST SE,20032,Ward 8,1,1,6
3060 30TH ST SE,20020,Ward 8,1,1,4
3062 STANTON RD SE,20020,Ward 8,2,2,"1A, 104"
3064 STANTON RD SE,20020,Ward 8,5,4,"101, 303, 204, 202"
3066 STANTON RD SE,20020,Ward 8,1,1,103
3068 STANTON RD SE,20020,Ward 8,5,3,"304, 2A, 1A"
307 ANACOSTIA RD SE,20019,Ward 7,2,2,"102, 301"
307 CRITTEXDEN ST NW,20011,Ward 4,1,1,1
307 K ST NW,20001,Ward 6,11,10,"706, 712, 1207, 519, 408, 321, 421, 311, 1220, 1209"
3070 30TH ST SE,20020,Ward 8,1,1,7032
3070 STANTON RD SE,20020,Ward 8,1,1,302
308 34TH ST SE,20019,Ward 7,1,1,1
3082 STANTON RD SE,20020,Ward 8,1,1,303
3086 STANTON RD SE,20020,Ward 8,3,2,"302, 203"
3090 STANTON RD SE,20020,Ward 8,3,3,"104, 203, 101"
3092 STANTON RD SE,20020,Ward 8,2,1,2A
3094 STANTON RD SE,20020,Ward 8,3,3,"103, 301, 201"
3098 STANTON RD SE,20020,Ward 8,2,2,"101, 304"
31 CHESAPEAKE ST SE,20032,Ward 8,1,1,104
3101 PENNSYLVANIA AVE SE,20020,Ward 7,7,6,"317, 202, 301, 312, 211, 419"
3101 WACLARK PL SE,20032,Ward 8,1,1,201
3105 NAYLOR RD SE,20020,Ward 8,1,1,202
3109 MARTIN LUTHER KING JR AVE SE,20032,Ward 8,1,1,8
3109 NAYLOR RD SE,20020,Ward 8,3,2,"201, 104"
3112 LEGATION ST NW,20015,Ward 4,1,0,
3118-3120 16TH ST NW,20010,NA,3,3,"11, 34, 4"
312 37TH ST SE,20019,Ward 7,1,1,203
3126 16TH ST NW,20010,Ward 1,2,2,"1, 17"
313 T ST NE,20002,Ward 5,1,1,NE
3130 WISCONSIN AVE NW,20016,Ward 3,1,1,703
3134 BUENA VISTA TER SE,20020,Ward 8,1,1,5
314 CARROLL ST NW,20019,Ward 4,1,1,404
3140 AVE NW,20016,NA,1,1,117
3140 WISCONSIN AVE NW,20016,Ward 3,5,5,"117, 407, 414, J1, 214"
3142 BUENA VISTA TER SE,20020,Ward 8,1,1,3
3146 16TH ST NW,20010,Ward 1,9,8,"213, 13, 405, 606, 206, 105, 013, 604"
315 FRANKLIN ST NE,20002,Ward 5,1,1,301
315 W ST NE,20002,Ward 5,1,1,102
316 18TH PL NE,20002,Ward 6,2,2,"1, 4"
316 ATLANTIC ST SE,20032,Ward 8,1,1,B
316 T ST NE,20002,Ward 5,1,0,
3178 MOUNT PLEASNT ST NW,20010,NA,1,0,
318 I ST NE,20002,Ward 6,5,5,"124, 120, 223, 607, 103"
319 ANACOSTIA RD SE,20019,Ward 7,1,1,2
32 GALVESTON ST SW,20032,Ward 8,1,1,T1
320 FLORIDA AVE NE,20002,Ward 5,12,8,"228, 709, 214, 1026, 825, 620-, 1002, 714"
320 FLORIDA AVE NE,20020,Ward 5,1,1,714
320 TAYLOR ST NE,20017,Ward 5,1,1,N23
3200 E ST SE,20019,Ward 7,1,1,2
3201 8TH ST NE,20017,Ward 5,6,3,"1314, 1602, 1135"
3201 WISCONSIN AVE NW,20016,Ward 3,3,2,"705, 302"
3202 EAST CAPTIOL ST NE,20019,Ward 7,1,1,A
3206 EAST CAPITOL ST NE,20019,Ward 7,1,1,B
3208 EAST CAPITOL ST NE,20019,Ward 7,2,2,"C, B"
3209 E ST SE,20019,Ward 7,1,1,SE
3210 GRACE ST NW,20007,Ward 2,2,2,"101, 102"
3211 WHEELER RD SE,20032,Ward 8,1,1,102
3211 WHEELER ST SE,20032,Ward 8,1,1,103
3213 WISCONSIN AVE NW,20016,Ward 3,1,1,2
3214 8TH ST SE,20032,Ward 8,1,1,9
3217 CONNECTICUT AVE NW,20008,Ward 3,2,1,61
3220 CONNECTICUT AVE NW,20008,Ward 3,3,3,"318, 10, 314"
3221 WHEELER RD SE,20032,Ward 8,1,1,311
3225 23RD ST SE,20020,Ward 8,2,1,G2
3225 SAVANNAH TER SE,20020,NA,1,1,14
323 62ND ST NE,20019,Ward 7,5,5,"101, 409, 411, 209, 311"
3232 13TH ST SE,20032,Ward 8,1,1,101
3232 7TH ST NE,20017,Ward 5,1,0,
3232 GEORGIA AVE NW,20010,Ward 1,1,1,404
3235 23RD ST SE,20020,Ward 8,3,2,"22, 24"
324 ANACOSTIA RD SE,20019,Ward 7,2,1,C32
3245 23RD ST SE,20020,Ward 8,1,1,G1
3245 SAVANNAH TER SE,20020,NA,1,1,22
3249 23RD ST SE,20020,Ward 8,1,1,11
325 7TH ST SE,20003,Ward 6,1,1,SE
325 ANACOSTIA RD SE,20019,Ward 7,1,1,J14
325 DELAFIELD PL NW,20011,Ward 4,1,1,2
325 MORSE ST NE,20002,Ward 5,1,1,503
325 P ST SW,20024,Ward 6,8,7,"405, 208, 807, 207, 204, 101A, 609"
3255 23RD ST SE,20020,Ward 8,2,2,"33, 22"
3255 FORT LINCOLN DR NE,20018,Ward 5,1,0,
327 PARKLAND PL SE,20032,Ward 8,1,1,3
3298 FORT LINCOL DR NE,20018,Ward 5,1,1,1001
3298 FORT LINCOLN DR NE,20018,Ward 5,4,4,"724, 917, 210, 320"
33 GALVESTON ST SW,20032,Ward 8,1,1,302
330 ANACOSTIA RD SE,20019,Ward 7,1,0,
330 TAYLOR ST NE,20017,Ward 5,2,2,"023, 042"
3300 EAST CAPITOL ST NE,20019,Ward 7,1,1,C
3300 STANTON RD SE,20020,Ward 8,3,2,"304, 202"
3304 1/2 EAST CAPITOL ST NE,20019,Ward 7,1,1,E
3304 PENNSYLVANIA AVE SE,20020,Ward 7,5,5,"107, 202, 201, 109, 8"
3306 EAST CAPITOL ST NE,20019,Ward 7,2,2,"D, C"
3307 14TH ST NW,20010,Ward 1,1,1,NW
3307 4TH ST SE,20032,Ward 8,1,1,C
3308 6TH ST SE,20032,Ward 8,1,1,102
3308 GEORGIA AVE NW,20010,Ward 1,1,0,
3309 4TH ST SE,20032,Ward 8,1,1,F
331 N ST NE,20002,Ward 6,9,9,"901, 930, 0211, 714, 201, 918, 705, 815, 1007"
3310 13TH ST SE,20032,Ward 8,1,1,101
3310 18TH STRET SE,20020,Ward 8,1,1,202
3311 18TH STRRET SE,20020,Ward 8,1,1,101
3312 13TH ST SE,20032,Ward 8,2,2,"302, 202"
3312 EAST CAPITOL ST NE,20019,Ward 7,1,1,E
3313 C ST SE,20019,Ward 7,1,0,
3313 TENTH PL SE,20032,Ward 8,1,1,T3
3315 JAY ST NE,20019,NA,1,1,202
3316 13TH ST SE,20032,Ward 8,1,1,302
3316 OXON RUN RD SE,20032,Ward 8,1,1,SE
3316 WHEELER RD SE,20032,Ward 8,1,1,101
3318 EAST CAPITOL ST NE,20019,Ward 7,2,2,"1D, B"
3318 WHEELER RD SE,20032,Ward 8,1,1,203
3319 MARTIN LUTHER KING JR SE,20032,Ward 8,1,1,101
3320 11TH PL SE,20032,Ward 8,1,1,UNKT
3320 18TH ST SE,20020,Ward 8,4,4,"302, 104, 204, 102"
3320 6TH ST SE,20032,Ward 8,1,1,304
3320 C ST SE,20019,Ward 7,1,1,204
3320 STANTON RD SE,20020,Ward 8,1,1,304
3320 WHEELER RD SE,20032,Ward 8,1,1,203
3321 18TH ST SE,20020,Ward 8,1,1,302
3322 14TH PL SE,20032,Ward 8,1,1,301
3323 HOLMEAD PL NW,20010,Ward 1,1,1,BASEMENT
3324 6TH ST SE,20032,Ward 8,3,3,"103, 101, 304"
3324 WHEELER RD SE,20032,Ward 8,1,1,T4
3325 ELY PL SE,20019,Ward 7,5,4,"3, 1, 4, 2"
3325 STANTON RD SE,20020,Ward 8,1,1,202
3327 MOUNT PLEASANT ST NW,20010,Ward 1,2,1,03
3328 6TH ST SE,20032,Ward 8,3,2,"201, 102"
3332 4TH ST SE,20032,Ward 8,1,1,203
3333 WISCONSIN AVE NW,20016,Ward 3,1,1,501
3335 C ST SE,20019,Ward 7,2,2,"31, 33"
334 ANACOSTIA RD SE,20019,Ward 7,2,1,E33
334 V ST NW,20001,Ward 1,2,2,"31, 11"
3342 D ST SE,20019,Ward 7,3,3,"3, 1, 2"
3343 BROTHERS PL SE,20032,Ward 8,1,1,3
3344 6TH ST SE,20032,Ward 8,2,2,"T2, 202"
3348 6TH ST SE,20032,Ward 8,5,3,"201, 101, 303"
3352 6TH ST SE,20032,Ward 8,1,1,201
3355 16TH ST NW,20010,Ward 1,4,4,"710, 208, 810, 312"
3356 6TH ST SE,20032,Ward 8,2,2,"302, 104"
3360 6TH ST SE,20032,Ward 8,2,2,"202, 304"
3364 6TH ST SE,20032,Ward 8,1,1,203
3368 6TH ST SE,20032,Ward 8,1,1,304
339 54TH ST NE,20019,Ward 7,1,1,3
3392 BLAINE ST NE,20019,Ward 7,2,2,"3C, 1D"
34 GALVESTON ST SW,20032,Ward 8,1,1,302
340 ANACOSTIA RD SE,20019,Ward 7,1,1,F25
340 TAYLOR ST NE,20017,Ward 5,1,1,P42
3400 BANNEKER DR NE,20018,Ward 5,3,2,"214, 328"
3400 COMMODORE JOSHUA BARNEY DR NE,20018,Ward 5,1,1,105
3401 13TH PL SE,20032,Ward 8,1,1,103
3401 38TH ST NW,20016,Ward 3,2,2,"414, 721"
3401 A ST SE,20019,Ward 7,1,1,301
3401 STANTON RD SE,20020,Ward 8,2,2,"102, 204"
3404 25TH ST SE,20020,Ward 8,1,1,2
3406 13TH PL SE,20032,Ward 8,1,1,203
3407 13TH PL SE,20032,Ward 8,1,1,302
3407 STANTON RD SE,20020,Ward 8,3,2,"204, 303"
3408 25TH ST SE,20020,Ward 8,1,1,22
3412 13TH SE,20032,NA,1,1,301
3417 15TH ST SE,20032,Ward 8,1,1,101
3420 18TH ST SE,20020,Ward 8,6,3,"104, 202, 302"
3420 STANTON RD SE,20020,Ward 8,4,3,"302, 103, 202"
3421 BROTHERS PL SE,20032,Ward 8,2,1,101
3423 5TH ST SE,20032,Ward 8,1,1,11
3424 25TH ST SE,20020,Ward 8,1,1,22
3425 CROFFUT PL SE,20019,Ward 7,1,1,100
3425 EAST CAPITOL ST SE,20019,Ward 7,1,1,303
3428 25TH ST SE,20020,Ward 8,1,1,21
3429 YUMA ST NW,20008,Ward 3,1,1,102
3431 BENNING RD NE,20019,Ward 7,1,1,NE
3431 YUMA ST NW,20008,Ward 3,1,1,101
3432 13TH ST SE,20032,Ward 8,1,1,102
3432 25TH ST SE,20020,Ward 8,2,1,22
3436 25TH ST SE,20020,Ward 8,1,1,23
3439 BENNING RD NE,20019,Ward 7,1,0,
3440 25TH ST SE,20020,Ward 8,1,1,12
3451 JAY ST NE,20019,NA,1,1,203
3460 14TH ST NW,20010,Ward 1,5,4,"35, 136, APT, 134"
35 E ST NW,20001,Ward 6,2,2,"311, 213"
35 PARKER ROW SW,20024,Ward 6,14,13,"1266, 1253, 951, 1056, 952, 1251, 956, 1054, 1060, 1057, 874, 752, 852"
350 50TH ST SE,20019,Ward 7,3,2,"215, 105"
350 GALLOWAY ST NE,20011,Ward 5,2,2,"T10, 310"
350 MAPLE DR SW,20024,Ward 6,7,7,"0506, 911, 0320, 0923, 1212, 0905, 310"
350 TAYLOR ST NE,20017,Ward 5,2,2,"Q41, Q12"
350 U ST NE,20002,Ward 5,1,1,303
3500 14TH ST NW,20010,Ward 1,10,9,"204, 518, 408, 801, 429, 415, 707, 2, 212"
3500 6TH ST SE,20032,Ward 8,1,1,10
3500 EAST CAPITOL ST NE,20019,Ward 7,1,1,153
3501 13TH ST NW,20010,Ward 1,3,3,"504, 301, 404"
3501 GEORGIA AVE NW,20010,Ward 1,1,1,SECONDFLOOR
3501 HAYES ST NE,20019,Ward 7,1,1,B
3501-A GEORGIA AVE NW,20010,NA,1,0,
3502 COMMODORE JOSHUA BARNEY DR NE,20018,Ward 5,1,1,T3
3504 6TH ST SE,20032,Ward 8,1,1,4
3505 JAY ST NE,20019,Ward 7,2,2,"204, 102"
3506 COMMODORE JOSHUA BARNEY DR NE,20018,Ward 5,1,1,301
3506 GEORGIA AVE NW,20010,Ward 1,1,1,315
3507 JAY ST NE,20019,Ward 7,1,1,203
3508 COMMODORE JOSHUA BARNEY DR NE,20018,Ward 5,1,1,101
3509 JAY ST NE,20019,Ward 7,2,2,"202, 201"
3510 18TH ST SE,20020,Ward 8,3,3,"104, 203, 301"
3510 B ST SE,20019,Ward 7,1,1,101
3511 19TH ST SE,20020,Ward 8,1,1,303
3511 DAVENPORT ST NW,20008,Ward 3,1,1,507
3511 EAST CAPITOL ST SE,20019,Ward 7,1,1,102
3511 JAY ST NE,20019,Ward 7,3,1,203
3511A JAY ST NE,20019,Ward 7,1,1,201
3512 13TH ST SE,20032,Ward 8,1,1,101
3512 6TH ST SE,20032,Ward 8,1,1,4
3512 COMMODORE JOSHUA BARNEY DR NE,20018,Ward 5,1,1,302
3514 COMMODORE JOSHUA BARNEY DR NE,20018,Ward 5,2,2,"404, 101"
3515 JAY ST NE,20019,Ward 7,1,1,201
3515 MINESOTA AVE SE,20019,Ward 7,1,1,201
3515 MINNESOTA AVE SE,20019,Ward 7,1,1,204
3516 A ST SE,20019,Ward 7,1,1,203
3516 B ST SE,20019,Ward 7,1,1,101
3517 EAST CAPITOL ST SE,20019,Ward 7,2,2,"203, 302"
3517 JAY ST NE,20019,Ward 7,2,1,203
3518 6TH ST SE,20032,Ward 8,1,1,10
3519 JAY ST NE,20019,Ward 7,2,1,203
3519 MINNESOTA AVE SE,20019,Ward 7,3,3,"101, 301, 304"
3520 18TH ST SE,20020,Ward 8,1,1,102
3520 CLAY PL NE,20019,Ward 7,1,1,4
3522 6TH ST SE,20032,Ward 8,2,2,"4, 1"
3523 JAY ST NE,20019,Ward 7,1,1,204
3525 DAVENPORT ST NW,20008,Ward 3,3,3,"304, 104, 105"
3525 EAST CAPITOL ST SE,20019,Ward 7,1,1,303
3525 JAY ST NE,20019,Ward 7,2,2,"201, 102"
3531 19TH ST SE,20020,Ward 8,1,1,302
3533 EAST CAPITOL ST SE,20019,Ward 7,2,2,"301, 302"
3533 JAY ST NE,20019,Ward 7,6,5,"204, 304, 201, 303, 202"
3534 EAST CAPITOL ST NE,20019,Ward 7,3,3,"259, 356, 427"
3535 JAY ST NE,20019,Ward 7,8,5,"302, 103, 203, 204, 104"
3537 JAY ST NE,20019,Ward 7,2,2,"4, 203"
3539 A ST SE,20019,Ward 7,1,1,302
3539 JAY ST NE,20019,Ward 7,2,2,"202, 203"
3541 JAY ST NE,20019,Ward 7,3,3,"102, 304, 104"
3543 JAY ST NE,20019,Ward 7,7,3,"301, 202, 104"
3547 EAST CAPITOL ST SE,20019,Ward 7,1,1,103
3547 JAY ST NE,20019,Ward 7,1,1,202
3549 JAY ST NE,20019,Ward 7,2,1,102
3576 HAYES ST NE,20019,Ward 7,2,2,"203, 202"
3578 HAYES ST NE,20019,Ward 7,2,2,"201, 204"
3582 HAYES ST NE,20019,Ward 7,1,1,204
3584 HAYES ST NE,20019,Ward 7,1,1,302
3586 HAYES ST NE,20019,Ward 7,3,2,"202, 304"
3588 HAYES ST NE,20019,Ward 7,1,1,101
3590 HAYES ST NE,20019,Ward 7,2,2,"201, 204"
3594 HAYES ST NE,20019,Ward 7,3,3,"304, 204, 102"
3596 HAYES ST NE,20019,Ward 7,2,2,"102, 302"
36 FLORIDA AVE NE,20002,Ward 5,1,1,3
360 H ST NE,20002,Ward 6,1,1,544
360 TAYLOR ST NE,20017,Ward 5,1,0,
3600 B ST SE,20019,Ward 7,1,1,309
3600 ELY PL SE,20019,Ward 7,14,12,"225, 103, 304, 328, B18, 113, 106, 333, 123, 320, 125, 105"
3604 MINNESOTA AVE SE,20019,Ward 7,2,2,"302, 201"
3605 38TH ST NW,20016,Ward 3,1,1,303
3617 12TH ST NE,20017,Ward 5,1,0,
3620 16TH ST NW,20010,Ward 1,3,2,"112, 514"
3621 38TH ST NW,20016,Ward 3,2,1,201
3625 16TH ST NW,20010,Ward 1,2,2,"302, B"
3625-3627 12 ST NE,20017,NA,2,1,FIRST
3630 BROTHERS PL SE,20032,Ward 8,2,2,"203, 304"
3631 6TH ST SE,20032,Ward 8,1,1,1
3632 BROTHERS PL SE,20032,Ward 8,1,1,102
3634 JAMISON ST NE,20018,Ward 5,1,1,NE
3636 16TH ST NW,20010,Ward 1,43,14,"B, B0814, A539, B927, 8920, A1048, A1264, A, A528, A849, A0217, B1141, A0321, APT"
3637 10TH ST NE,20017,Ward 5,1,0,
3637 6TH ST SE,20032,Ward 8,1,1,4
3639 6TH ST SE,20032,Ward 8,2,2,"33, 6"
3640 MINNESOTA AVE SE,20019,Ward 7,1,1,303
3643 6TH ST SE,20032,Ward 8,1,1,3
3647 6TH ST SE,20032,Ward 8,1,1,3
3649 6TH ST SE,20032,Ward 8,1,1,3
3668 HAYES ST NE,20019,Ward 7,3,3,"303, 204, 102"
3670 HAYES ST NE,20019,Ward 7,2,2,"202, 203"
3672 HAYES ST NE,20019,Ward 7,2,2,"201, 301"
3674 HAYES ST NE,20019,Ward 7,1,1,303
3676 HAYES ST NE,20019,Ward 7,1,1,202
3677 JAY ST NE,20019,Ward 7,1,1,202
3678 HAYES ST NE,20019,Ward 7,1,1,203
3679 JAY ST NE,20019,Ward 7,3,3,"201, 101, 102"
3680 HAYES ST NE,20019,Ward 7,1,1,201
3682 HAYES ST NE,20019,Ward 7,2,2,"201, 203"
3683 JAY ST NE,20019,Ward 7,2,2,"203, 101"
3684 HAYES ST NE,20019,Ward 7,2,2,"201, 102"
3685 JAY ST NE,20019,Ward 7,2,2,"203, 202"
3685A JAY ST NE,20019,Ward 7,1,1,302
3686 HAYES ST NE,20019,Ward 7,2,2,"203, 202"
3688 HAYES ST NE,20019,Ward 7,3,3,"201, 202, 204"
3689 JAY ST NE,20019,Ward 7,3,3,"102, 203, 204"
3692 HAYES ST NE,20019,Ward 7,3,3,"202, 201, 204"
3693 JAY ST NE,20019,Ward 7,3,3,"204, 203, 302"
3694 HAYES ST NE,20019,Ward 7,3,1,202
3695 JAY ST NE,20019,Ward 7,2,2,"303, 201"
3696 HAYES ST NE,20019,Ward 7,5,3,"202, 204, 102"
3697 JAY ST NE,20019,Ward 7,6,5,"202, 303, 203, 301, 101"
3699 JAY ST NE,20019,Ward 7,2,2,"302, 201"
37 FORRESTER ST SE,20032,Ward 8,1,1,2
370 TAYLOR ST NE,20017,Ward 5,2,2,"S24, S12"
3700 9TH ST SE,20019,Ward 8,1,1,901
3700 9TH ST SE,20032,Ward 8,22,18,"1024, 1214, 802, 1123, 1127, 921, 808, 1208, 816, 1227, 1113, 1011, 621, 811, 924, 813, 523, 806"
3700 MASSACHUSETTS AVE NW,20016,Ward 3,1,1,L19A
3701 16TH ST NW,20010,Ward 4,2,2,"111, 107"
3701 MASSACHUSETTS AVE NW,20016,Ward 3,2,2,"109, 208"
3704 HAYES ST NE,20019,Ward 7,1,1,203
3705 4TH ST SE,20032,Ward 8,1,1,D
3705 ALABAMA AVE SE,20020,Ward 7,1,1,A
3706 2ND ST SE,20032,Ward 8,1,1,D
3706 HAYES ST NE,20019,Ward 7,6,5,"302, 102, 303, 104, 304"
3707 4TH ST SE,20032,Ward 8,2,2,"F, E"
3708 2ND ST SE,20032,Ward 8,1,1,A
3708 HAYES ST NE,20019,Ward 7,3,3,"304, 101, 202"
3710 HAYES ST NE,20019,Ward 7,4,2,"204, 203"
3711 4TH ST SE,20032,Ward 8,1,1,A
3712 13TH ST NW,20010,Ward 4,1,0,
3712 GARFIELD ST NW,20007,Ward 3,1,0,
3712 HAYES ST NE,20019,Ward 7,1,1,204
3712A HAYES ST NE,20019,Ward 7,1,1,302
3714 HAYES ST NE,20019,Ward 7,4,2,"102, 201"
3715 4TH ST SE,20032,Ward 8,1,1,F
3716 HAYES ST NE,20019,Ward 7,1,1,202
3718 HAYES ST NE,20019,Ward 7,1,1,204
3719 12TH ST NE,20017,Ward 5,1,1,200
3719 HORNER PL SE,20032,Ward 8,1,1,2
3722 HAYES ST NE,20019,Ward 7,2,2,"201, 202"
3723 HORNER PL SE,20032,Ward 8,1,1,202
3725 MACOMB ST NW,20016,Ward 3,1,1,405
3726 CONNECTICUT AVE NW,20008,Ward 3,7,7,"222, 210, 212, 206, 315, 409, 420"
3730 D ST SE,20019,Ward 7,1,1,101
3730 MARTIN LUTHER KING AVE SE,20032,Ward 8,1,1,01
3730 MARTIN LUTHER KING JR AVE SE,20032,Ward 8,3,3,"08, 02, 16"
3733 BENTON ST NW,20007,Ward 3,1,0,
3735 9TH ST NW,20011,Ward 4,1,0,
3736 D ST SE,20019,Ward 7,1,1,202
3739 D ST SE,20019,Ward 7,1,1,201
3750 JAMISON ST NE,20018,Ward 5,7,6,"402, 501, 441, 341, 360, 335"
3773 JAY ST NE,20019,Ward 7,1,1,1
3790 MARTIN LUTHER KING JR AVE SE,20032,Ward 8,1,1,807
380 37TH PL SE,20019,Ward 7,1,1,301
3800 SOUTH CAPITOL ST SW,20032,Ward 8,1,1,301
3801 CONNECTICUT AVE NW,20008,Ward 3,2,2,"417, 114"
3801 GEORGIA AVE NW,20011,Ward 4,1,1,402
3801 JAY ST NE,20019,Ward 7,1,1,5
3802 14TH ST NW,20011,Ward 4,1,0,
3803 JAY ST NE,20019,Ward 7,1,1,2
3809 JAY ST NE,20019,Ward 7,1,1,3
3813 JAY ST NE,20019,Ward 7,4,3,"4, 6, 8"
3815 2ND ST SE,20032,Ward 8,1,1,D
3817 2ND ST SE,20032,Ward 8,1,1,A
3818 DAVIS PL NW,20007,Ward 3,1,1,B01
3819 2ND ST SE,20032,Ward 8,1,1,B
382 37TH PL SE,20019,Ward 7,1,1,301
3821 2ND ST SE,20032,Ward 8,1,1,F
3825 GEOGRIA AVE NW,20011,Ward 4,1,1,303
3825 GEORGIA AVE NE,20011,Ward 4,1,1,103
3825 GEORGIA AVE NW,20011,Ward 4,1,1,301
3826 2ND ST SE,20032,Ward 8,2,2,"G2, 202"
3828 GEORGIA AVE NW,20011,Ward 4,4,4,"321, 401, 624, 617"
3828 SOUTH CAPITOL ST SE,20032,Ward 8,1,1,218
3837 1ST ST SE,20032,Ward 8,1,1,1
3850 TUNLAW RD NW,20007,Ward 3,1,1,513
3856 HALLEY TER SE,20032,Ward 8,4,3,"1, 4, 7"
3856 HAYES ST NE,20019,Ward 7,1,1,302
39 MISSISSIPPI AVE SE,20032,Ward 8,3,3,"305, 101, 304"
390 GALLOWAY ST NE,20011,Ward 5,2,2,"103W, W212"
3900 16TH ST NW,20011,Ward 4,5,4,"630, 633, 626, 220"
3900 4TH ST SE,20032,Ward 8,1,1,12
3901 13TH ST SE,20032,Ward 8,1,1,301
3905 DAVIS PL NW,20007,Ward 3,1,1,301
3910 GEORGIA AVE NW,20011,Ward 4,5,5,"521, 215, 604, 619, 517"
3911 1ST ST SE,20032,Ward 8,2,1,203
3917 4TH ST SE,20032,Ward 8,3,3,"102, 303, 202"
3921 4TH ST SE,20032,Ward 8,1,1,1
3923 7TH ST NE,20017,Ward 5,1,1,1
3930 GEORGIA AVE NW,20011,Ward 4,2,2,"2, 41"
3938 CLAY PL NE,20019,Ward 7,1,0,
3986 PENNSYLVANIA AVE SE,20020,Ward 7,2,1,208
4 FORRESTER ST SE,20032,Ward 8,1,1,301
4 I ST SE,20003,Ward 6,2,1,213
40 N ST NE,20002,Ward 6,6,5,"204, PH108, PH03, 1203, PH2"
400 DOUGLAS ST NE,20017,Ward 5,1,1,303
400 GALLOWAY ST NE,20011,Ward 5,12,12,"N246, S656, S311, S646, N532, S527, S206, N538, S645, S131, S557, S643"
400 GALOWAY ST NE,20011,Ward 5,1,1,S311
400 K ST NW,20001,Ward 6,2,1,202
400 M ST SE,20003,Ward 6,4,4,"216, 315, 134, 430"
400 PENN ST NE,20002,Ward 5,1,1,522
400 TAYLOR ST NE,20017,Ward 5,1,1,400
4000 CATHEDRAL AVE NW,20016,Ward 3,1,1,626-B
4000 MASSACHUSETTS AVE NW,20016,Ward 3,4,4,"1232, 632, 1333, 1119"
4001 4TH ST SE,20032,Ward 8,1,1,2
4001 SOUTH CAPITOL ST SW,20032,Ward 8,12,10,"315, 502, 232, 407, 438, 337, 535, 435, 521, 128"
4001 SOUTH CAPTIOL ST SW,20032,Ward 8,1,1,318
401 E ST SE,20003,Ward 6,1,1,103
4012 WHEELER RD SE,20032,Ward 8,1,0,
4019 HAYES ST NE,20019,Ward 7,1,1,B
4020 LIVINGSTON RD SE,20032,Ward 8,1,1,102
4020 MINNESOTA AVE NE,20019,Ward 7,20,15,"312, 504, 667, 666, 372, 420, 467, 573, 232, 339, 360, 490, 204, 309, 270"
4023 3RD ST SE,20032,Ward 8,1,1,1
4023 KANSAS AVE NW,20011,Ward 4,2,1,1
403 37TH PL SE,20019,Ward 7,1,1,1
403 MELLON ST SE,20032,Ward 8,1,1,3
403 N ST NW,20001,Ward 2,1,1,103
403 ORANGE ST SE,20032,Ward 8,1,1,21
404 O ST NW,20001,Ward 2,2,1,304
4040 EAST CAPITAL ST NE,20019,Ward 7,1,1,E41
405 DIVISION AVE NE,20019,Ward 7,2,2,"103, 204"
405 N ST NW,20001,Ward 2,1,1,204
406 8TH ST SE,20003,Ward 6,2,1,GROUND
409 37TH PL SE,20019,Ward 7,1,1,302
409 RIDGE RD SE,20019,Ward 7,2,1,201
41 GALVESTON ST SW,20032,Ward 8,1,1,302
410 M ST SE,20003,Ward 6,1,1,606
410 RHODE ISLAND AVE NE,20002,Ward 5,7,6,"505, 507, 207, 613, 310, 510"
410 RHODE ISLAND NE,20002,Ward 5,2,2,"PH01, 610"
4100 EAST CAPITAL ST NE,20019,Ward 7,1,0,
4100 MASSACHUSETTS AVE NW,20016,Ward 3,2,2,"UT08, 419"
4105 WISCONSIN AVE NW,20016,Ward 3,1,1,309
4107 4TH ST NW,20011,Ward 4,1,0,
4107 CONNECTICUT AVE NW,20008,Ward 3,1,1,103
4110 BEECHER ST NW,20007,Ward 3,1,1,2
4111 AMES ST NE,20019,Ward 7,1,1,204
4111 KANSAS AVE NW,20011,Ward 4,1,1,402
4115 1ST ST SE,20032,Ward 8,1,1,303
4115 WISCONSIN AVE NW,20016,Ward 3,1,1,207
4116 AMES ST NE,20019,Ward 7,2,1,204
412 NEWCOMB ST SE,20032,Ward 8,1,1,2
412 QUACKENBOS ST NW,20011,Ward 4,2,1,NW
413 36TH ST NE,20019,Ward 7,1,0,
413 KENNEDY ST NE,20011,Ward 5,1,1,NE
413 VALLEY AVE SE,20032,Ward 8,1,0,
4134 6TH ST SE,20032,Ward 8,1,1,2
417 11TH ST NE,20002,Ward 6,1,0,
417 18TH ST NE,20002,Ward 6,1,1,101
417 37TH PL SE,20019,Ward 7,2,2,"201, 301"
418 37TH PL SE,20019,Ward 7,2,2,"102, 101"
4185 MINNESOTA AVE NE,20019,Ward 7,1,0,
419 32ND ST SE,20019,Ward 7,1,1,G1
419 37TH PL SE,20019,Ward 7,1,1,102
42 GALVESTON ST SW,20032,Ward 8,1,0,
420 7TH ST NW,20004,Ward 6,3,3,"507, 409, 202"
420 OKLAHOMA AVE NE,20002,Ward 7,1,1,7
4201 MASSACHUSETTS AVE NW,20016,Ward 3,2,2,"041C, 6070"
4203 BENNING RD NE,20019,Ward 7,1,0,
4203 BLAINE ST NE,20019,Ward 7,1,0,
4205 7TH ST SE,20032,Ward 8,1,1,301
4207 BLANIE ST NE,20019,Ward 7,1,1,TH
4209 4TH ST SE,20032,Ward 8,1,1,12
4209 DIX ST NE,20019,Ward 7,1,1,301
4211 2ND ST NW,20011,Ward 4,1,1,NO
4212 4TH ST SE,20032,Ward 8,2,1,202
4213 4TH ST SE,20032,Ward 8,1,1,8
4215 EAST CAPITOL ST SE,20019,Ward 7,1,1,101
4217 4TH ST SE,20032,Ward 8,1,1,5
4219 FIRST ST SE,20032,Ward 8,1,1,204
422 CONDON TER SE,20032,Ward 8,2,1,3
4223 BROOKS ST NE,20019,Ward 7,1,1,3
4224 4TH ST SE,20032,Ward 8,1,1,201
4225 MEADE ST NE,20019,Ward 7,1,1,NE
4226 4TH ST SE,20032,Ward 8,1,1,103
4228 BENNING RD NE,20019,Ward 7,1,1,106
4230 SOUTH CAPITOL ST SE,20032,Ward 8,2,2,"101, 103"
4235 1ST ST SE,20032,Ward 8,2,1,4
4239 1ST ST SE,20032,Ward 8,1,1,1
4239 FIRST ST SE,20032,Ward 8,1,1,3
424 37TH PL SE,20019,Ward 7,1,1,101
4244 BROOKS ST NE,20019,Ward 7,1,1,1
4258 EAST CAPITOL ST NE,20019,Ward 7,1,1,104
4260 EAST CAPITOL ST NE,20019,Ward 7,2,2,"201, 002"
4261 EDSON PL NE,20019,Ward 7,1,1,2
4264 BENNING RD NE,20019,Ward 7,1,1,204
4266 EAST CAPITOL ST NE,20019,Ward 7,1,1,203
4273 EDSON PL NE,20019,Ward 7,1,1,2
4287 SOUTH CAPITOL ST SW,20032,Ward 8,1,1,SW
429 BURBANK ST SE,20019,Ward 7,2,1,2
43 K ST NW,20001,Ward 6,1,1,212
430 TAYLOR ST NE,20017,Ward 5,1,1,430
4303 3RD ST SE,20032,Ward 8,1,1,202
4304 S CAPITOL ST SE,20032,Ward 8,1,1,2
4306 S CAPITOL ST SE,20032,Ward 8,1,1,4
4307 3RD ST SE,20032,Ward 8,3,2,"103, 304"
4307 PONDS ST NE,20019,Ward 7,1,0,
4312 SOUTH CAPITOL ST SE,20032,Ward 8,1,1,3
4315 1ST ST SE,20032,Ward 8,1,1,4
4315 HUNT PL NE,20019,Ward 7,1,0,
4317 HALLEY TER SE,20032,Ward 8,2,1,3
4317 KANSAS AVE NW,20011,Ward 4,1,1,2
4319 1ST ST SE,20032,Ward 8,2,2,"1, 2"
4320 21ST ST NE,20018,Ward 5,1,0,
4321 BROOKS ST NE,20019,Ward 7,3,2,"303, 304"
4329 4TH ST SE,20032,Ward 8,1,1,6
4333 C ST SE,20019,Ward 7,1,0,
4333 HALLEY TER SE,20032,Ward 8,1,1,3
4336 LIVINGSTON RD SE,20032,Ward 8,1,1,A
434 37TH PL SE,20019,Ward 7,1,1,102
4340 SHERIFF RD NE,20019,Ward 7,1,1,302
4341 4TH ST SE,20032,Ward 8,1,1,1
4343 MARTIN LUTHER KING JR AVE SW,20032,Ward 8,1,1,121
4345 BENNING RD NE,20019,Ward 7,1,1,TH
4345 MARTIN LUTHER KING JR AVE SW,20032,Ward 8,1,1,124
4347 4TH ST SE,20032,Ward 8,1,1,6
4349 4TH ST SE,20032,Ward 8,1,1,12
4349 G ST SE,20019,Ward 7,1,0,
435 16TH ST SE,20003,Ward 6,1,1,24
4351 4TH ST SE,20032,Ward 8,1,1,8
4353 MARTIN LUTHER KING JR AVE SW,20032,Ward 8,1,1,B1
4357 MARTIN LUTHER KING JR AVE SW,20032,Ward 8,1,1,216
436 INGRAHAM ST NW,20011,Ward 4,1,1,NW
4363 MARTIN LUTHER KING JR AVE SW,20032,Ward 8,1,1,228
4364 7TH ST SE,20032,Ward 8,1,1,302
437 CEDAR ST NW,20012,Ward 4,1,0,
44 GALVESTON ST SW,20032,Ward 8,1,1,302
440 PENN ST NE,20002,Ward 5,8,8,"622, 424, 703, 515, 709, PH04, 1015, 201"
4400 E ST SE,20019,Ward 7,1,1,1
4401 BLAINE ST NE,20019,Ward 7,1,1,656
4401 FALLS TER SE,20019,Ward 7,1,1,2
4402 QUARLES ST NE,20019,Ward 7,1,1,34
4403 CLERMONT DR NE,20011,Ward 5,1,1,134
4404 E ST SE,20019,Ward 7,1,1,1
4406 E ST SE,20019,Ward 7,2,2,"1, 2"
4406 LIVINGSTON RD SE,20032,Ward 8,1,1,A
4409 3RD ST SE,20032,Ward 8,1,1,A
4409 FALLS TER SE,20019,Ward 7,1,1,2
441 PARK RD NW,20010,Ward 1,1,0,
4411 QUARLES ST NE,20019,Ward 7,1,0,
4414 3RD ST SE,20032,Ward 8,1,1,B
4420 3RD ST SE,20032,Ward 8,1,1,B
4420 B ST SE,20019,Ward 7,1,1,2
4423 SOUTH CAPITOL ST SW,20032,Ward 8,2,2,"101, 202"
4425 14TH ST NW,20011,Ward 4,1,1,24
4425 A ST SE,20019,Ward 7,1,1,103
4425 NANNIE HELEN BURROUGHS AVE NE,20019,Ward 7,2,2,"G08, 215"
4427 HAYES ST NE,20019,Ward 7,2,1,306
4428 SOUTH CAPITOL ST SE,20032,Ward 8,1,1,101
443 NEW YORK AVE NW,20001,Ward 2,1,1,117
4430 20TH ST NE,20018,Ward 5,1,0,
4430 MARTIN LUTHER KING JR AVE SW,20032,Ward 8,3,2,"201, APT"
4433 PONDS ST NE,20019,Ward 7,1,0,
4435 PONDS ST NE,20019,Ward 7,1,0,
4444 PONDS ST NE,20019,Ward 7,1,0,
4455 CONNECTICUT AVE NW,20008,Ward 3,1,1,1020
446 MELLON ST SE,20032,Ward 8,2,2,"1, 2"
4478 MACARTHUR BLVD NW,20007,Ward 3,1,1,1
45 R ST NE,20002,Ward 5,1,0,
450 CONDON TER SE,20032,Ward 8,1,1,107
450 K ST NW,20001,Ward 6,1,1,1220
450 MASSACHUSETTS AVE NW,20001,Ward 6,1,1,208
4500 CONNECTICUT AVE NW,20008,Ward 3,8,8,"314, 304, 605, 205, 001, 704, 907, 510"
4501 1ST ST SE,20032,Ward 8,2,1,102
4501 CONNECTICUT AVE NW,20008,Ward 3,2,2,"109, 816"
4502 LIVINGSTON RD SE,20032,Ward 8,2,2,"C, D"
4503 1ST ST SE,20032,Ward 8,1,1,101
4504 LIVINGSTON RD SE,20032,Ward 8,1,1,D
4504 SOUTH CAPITOL ST SE,20032,Ward 8,1,1,101
4505 1ST ST SE,20032,Ward 8,1,1,201
4505 B ST SE,20019,Ward 7,1,1,201
4507 B ST SE,20019,Ward 7,3,2,"F, E"
4507 SOUTH CAPITOL ST SW,20032,Ward 8,1,1,202
4511 B ST SE,20019,Ward 7,1,1,203
4512 CLAY ST NE,20019,Ward 7,1,0,
452 M ST NW,20001,Ward 2,1,1,2
4520 3RD ST SE,20032,Ward 8,2,1,D
4530 CONNECTICUT AVE NW,20008,Ward 3,1,1,105
4530 FORT TOTTEN DR NE,20011,Ward 5,2,2,"303, 102"
4536 3RD ST SE,20032,Ward 8,1,1,C
4545 CONNECTICUT AVE NW,20008,Ward 3,9,8,"808, 1026, 715, 933, 330, 821, 216, 212"
4548 3RD ST SE,20032,Ward 8,1,1,A
4560 3RD ST SE,20032,Ward 8,1,1,101
4560 MACARTHUR BLUV NW,20007,Ward 3,1,1,202
460 L ST NW,20001,Ward 6,5,5,"431, 810, 402, 718, 734"
460 TAYLOR ST NE,20017,Ward 5,1,1,460
4600 WISCONSIN AVE NW,20016,Ward 3,2,2,"201, 509"
4601 CONNECTICUT AVE NW,20008,Ward 3,1,1,118
4602 43RD ST NW,20016,Ward 3,2,1,2
4602 BENNING RD SE,20019,Ward 7,2,2,"D, C"
4605 BASS PL SE,20019,Ward 7,1,1,202
4607 BASS PL SE,20019,Ward 7,1,1,102
4607 CONNECTICUT AVE NW,20008,Ward 3,4,3,"609, 721, 117"
461 H ST NW,20001,Ward 6,11,11,"523, 121, 1020, 824, 306, 911, 726, 716, 612, 922, 221"
4610 LIVINGSTON RD SE,20032,Ward 8,1,1,103
4611 QUARLES ST NE,20019,Ward 7,1,1,308
4614 BENNING RD SE,20019,Ward 7,1,1,201
4614 LIVINGSTON RD SE,20032,Ward 8,2,2,"101, 201"
4617 BENNING RD SE,20019,Ward 7,1,1,B
4618 LIVINGSTON RD SE,20032,Ward 8,3,3,"201, 202, 102"
4623 JAY ST NE,20019,Ward 7,1,0,
4624 LIVINGSTON RD SE,20032,Ward 8,1,1,104
4627 13TH ST NW,20011,Ward 4,1,1,303
4628 LIVINGSTON RD SE,20032,Ward 8,2,2,"203, 204"
4632 HILLSIDE RD SE,20019,Ward 7,1,1,2
4632 LIVINGSTON RD SE,20032,Ward 8,1,1,301
4633 HILLSIDE RD SE,20019,Ward 7,1,1,3
4635 HILLSIDE RD SE,20019,Ward 7,1,1,2
4638 LIVINGSTON RD SE,20032,Ward 8,1,1,304
4639 HUNT PL NE,20019,Ward 7,1,1,101
4640 MARTIN LUTHER KING JR AVE SW,20032,Ward 8,1,1,202
465 M ST SW,20024,Ward 6,2,2,"2418, 2619"
4651 NANNIE HELEN BURROUGHS AVE NE,20019,Ward 7,3,3,"701, 405, 407"
4651 NANNIE HELEN BURRUGS AVE NE,20019,Ward 7,1,1,211
4660 MARTIN LUTHER KING JR AVE SW,20032,Ward 8,23,21,"A107, A513, C907, B402, C915, A714, B801, C609, B602, A806, B208, A608, B503, A907, B207, B1009, A1009, B501, B506, C803, B502"
4699 BENNING RD SE,20019,Ward 7,1,1,A
4702 MARTIN LUTHER KING JR AVE SW,20032,Ward 8,2,2,"103, 201"
4706 MARTIN LUTHER KING JR AVE SW,20032,Ward 8,1,1,202
4710 C ST SE,20019,Ward 7,1,1,303
4715 FIRST ST SW,20032,Ward 8,1,1,302
4725 1ST ST SW,20032,Ward 8,1,1,301
4736 BENNING RD SE,20019,Ward 7,1,1,201
4740 C ST SE,20019,Ward 7,1,1,101
4742 S CAPITOL TER SW,20032,Ward 8,1,1,A
4742 SOUTH CAPTIOL TER SW,20032,Ward 8,1,1,B
475 K ST NW,20001,Ward 6,1,1,1103
4750 C ST SE,20019,Ward 7,1,1,301
4752 BENNING RD SE,20019,Ward 7,1,1,203
4760 C ST SE,20019,Ward 7,1,1,202
477 H ST NW,20001,Ward 6,1,0,
48 GALVESTON ST SW,20032,Ward 8,2,1,T1
480 K ST SE,20024,Ward 6,1,1,1318
480 K ST SW,20024,Ward 6,3,2,"1324, 1627"
480 TAYLOR ST NE,20017,Ward 5,4,4,"144, I33, I44, 134"
4800 NANIE HELEN BURROUGHS AVE NE,20019,Ward 7,2,1,408
4800 NANNIE HELEN BURROUGHS AVE NE,20019,Ward 7,8,7,"401, 210, 310, 408, 202, 405, 515"
4800 NANNIE HELEN BURROUGHS AVE SE,20019,Ward 7,1,1,204
4801 3RD ST NW,20011,Ward 4,1,1,2
4803 ALABAMA AVE SE,20019,Ward 7,1,1,1
4804 ALABAMA AVE SE,20019,Ward 7,1,1,1
4805 TEXAS AVE SE,20019,Ward 7,1,1,303
4806 ALABAMA AVE SE,20019,Ward 7,2,2,"3, 1"
4810 QUARLES ST NE,20019,Ward 7,2,1,201
4811 ALABAMA AVE SE,20019,Ward 7,1,1,4
4813 NORTH CAPITOL ST NE,20011,Ward 5,1,1,101
4817 36TH ST NW,20008,Ward 3,1,1,109
4818 ALABAMA AVE SE,20019,Ward 7,2,2,"4, 3"
4819 NORTH CAPITOL ST NE,20011,Ward 5,1,1,302
4819 SHERIFF RD NE,20019,Ward 7,1,1,2
4828 FORT TOTTEN DR NE,20011,Ward 5,1,1,302
4830 FORT TOTTEN DR NE,20011,Ward 5,2,2,"104, 201"
4835 LEE ST NE,20019,Ward 7,3,1,2
4849 CONNECTICUT AVE NW,20008,Ward 3,2,2,"308, 225"
4850 CONNECTICUT AVE NW,20008,Ward 3,2,2,"201, 1115"
4870 FORT TOTTEN DR NE,20011,Ward 5,2,1,303
49 GALVESTON ST SW,20032,Ward 8,2,2,"102, 104"
490 M ST SW,20024,Ward 6,1,1,W602
4901 ALABAMA AVE SE,20019,Ward 7,1,1,3
4901 MEAD ST NE,20019,Ward 7,1,0,
4903 ALABAMA AVE SE,20019,Ward 7,1,1,2
4905 NASH ST NE,20019,Ward 7,1,1,202
4907 A ST SE,20019,Ward 7,1,1,6
4907 NANNIE HELEN BURROUGHS AVE NE,20019,Ward 7,1,1,FIRST
4908 QUARLES ST NE,20019,Ward 7,1,0,
4911 JAY ST NE,20019,Ward 7,2,2,"13, 11"
4912 MEADE ST NE,20019,Ward 7,1,0,
4912 NASH ST NE,20019,Ward 7,1,1,7
4913 JAY ST NE,20019,Ward 7,2,1,HW491322
4915 AYERS PL SE,20019,Ward 7,4,4,"301, 104, 302, 204"
4915 JAY ST NE,20019,Ward 7,2,2,"33, 02"
4915 NORTH CAPITOL ST NE,20011,Ward 5,1,1,T1
4916 ARKANSAS AVE NW,20011,Ward 4,1,0,
4917 7TH PL NE,20017,Ward 5,1,1,NE
4919 JAY ST NE,20019,Ward 7,2,2,"13, HW491923"
4921 QUARLES ST NE,20019,Ward 7,1,1,301
4924 NASH ST NE,20019,Ward 7,1,1,14
4925 1ST ST NW,20011,Ward 4,1,1,2
4925 NORTH CAPITOL ST NE,20011,Ward 5,1,1,303
4927 NORTH CAPITOL ST NE,20011,Ward 5,2,2,"407, 404"
4929 1ST ST NW,20011,Ward 4,1,1,1
4930 A ST SE,20019,Ward 7,1,1,301
4940 A ST SE,20019,Ward 7,2,2,"306, 307"
4945 AYERS PL SE,20019,Ward 7,1,1,303
4949 ASTOR PL SE,20019,Ward 7,3,2,"102, 201"
4950 BENNING RD SE,20019,Ward 7,1,1,B2
4953 G ST SE,20019,Ward 7,1,0,
5 BASS CIR SE,20019,Ward 7,1,1,B
500 3RD ST NW,20001,Ward 6,1,1,401
5002 HUNT ST NE,20019,Ward 7,2,2,"12, 21"
5003 HUNT ST NE,20019,Ward 7,3,3,"32, 12, 02"
5004 2ND ST NW,20011,Ward 4,1,1,4
5005 HUNT ST NE,20019,Ward 7,2,2,"02, HW500524"
5007 HUNT ST NE,20019,Ward 7,2,2,"23, 13"
5009 1ST ST NW,20011,Ward 4,1,1,3
5009 BASS PL SE,20019,Ward 7,1,1,103UG
5009 HUNT ST NE,20019,Ward 7,1,1,HW00921
501 60TH ST NE,20019,Ward 7,1,1,202
501 MORSE ST NE,20002,Ward 5,1,0,
5011 JAY ST NE,20019,Ward 7,3,3,"02, 13, HW501114"
5012 7TH ST NW,20011,Ward 4,1,0,
5013 JAY ST NE,20019,Ward 7,5,4,"21, 12, HW501331, 32"
5018 C ST SE,20019,Ward 7,1,0,
5018 HUNT ST NE,20019,Ward 7,1,1,31
5019 B ST SE,20019,Ward 7,1,1,202
502 PEABODY ST NW,20011,Ward 4,1,0,
5024 FORT TOTTEN NE,20011,Ward 5,1,1,102
5027 C ST SE,20019,Ward 7,1,1,201
5028 CALL PL SE,20019,Ward 7,2,2,"203, 201"
5029 B ST SE,20019,Ward 7,1,1,303
5031 EAST CAPITOL ST SE,20019,Ward 7,1,0,
5036 ASTOR PL SE,20019,Ward 7,1,1,301
5037 13TH ST NE,20017,Ward 5,1,0,
5037 CALL PL SE,20019,Ward 7,1,1,202
5040 D ST SE,20019,Ward 7,1,1,3
5055 ASTOR PL SE,20019,Ward 7,1,1,203
5055 MEADE ST NE,20019,Ward 7,1,1,102
506 LONGFELLOW ST NW,20011,Ward 4,1,1,208
507 BRANDYWINE ST SE,20032,Ward 8,1,1,1
508 K ST NW,20001,Ward 6,1,1,GROUND
5100 B ST SE,20019,Ward 7,2,2,"103, 302"
5101 WISCONSIN AVE NW,20016,Ward 3,1,1,235
5108 CALL PL SE,20019,Ward 7,1,1,011
5113 2ND ST NE,20011,Ward 4,1,1,UNITS
5113 WESTERN AVE NW,20016,Ward 3,1,0,
5117 C ST SE,20019,Ward 7,1,1,202
5117 GEORGIA AVE NW,20011,Ward 4,1,0,
512 U ST NW,20001,Ward 1,1,1,8
5120 ASTOR PL SE,20019,Ward 7,1,1,303
5120 SARGENT RD NE,20017,Ward 5,3,3,"113, 105, 212"
5124 2ND ST NW,20011,Ward 4,2,2,"3, APT"
5129 NANNIE HELEN BURROUGHS AVE NE,20019,Ward 7,4,4,"508, 304, 413, 403"
513 58TH ST NE,20019,Ward 7,1,1,5
515 EDGEWOOD ST NE,20017,Ward 5,2,2,"3, 8"
515 FRANKLIN ST NE,20017,Ward 5,1,1,4
5156 SOUTH DAKOTA NE,20017,Ward 5,1,0,
5166 7TH ST NE,20011,Ward 5,1,1,NE
5178 EASTERN AVE NE,20011,Ward 5,2,2,"302, 203"
5184 EASTERN AVE NE,20011,Ward 5,2,1,102
5185 MACARTHUR BLVD NW,20016,Ward 3,1,1,007
519 6TH ST SE,20003,Ward 6,3,0,
5201 CONNECTICUT AVE NW,20015,Ward 3,2,2,"708, 902"
5201 CONNECTICUT AVEUNE NW,20015,Ward 3,1,1,717
5201 HAYES ST NE,20019,Ward 7,7,7,"231, 335, 126, 416, 203, 322, LL15"
5205 BASS PL SE,20019,Ward 7,1,1,101
5208 3RD ST NW,20011,Ward 4,1,1,9
521 59TH ST NE,20019,Ward 7,3,2,"2, 3"
5210 3RD ST NE,20011,Ward 5,3,3,"115, 219, 305"
5210 E ST SE,20019,Ward 7,2,2,"2, 13"
5212 E ST SE,20019,Ward 7,3,3,"16, 21, 22"
5216 JUST ST NE,20019,Ward 7,1,1,B
5221 COLORADO AVE NW,20011,Ward 4,1,1,206
523 G ST SW,20024,Ward 6,1,1,102
525 MELLON ST SE,20032,Ward 8,1,1,410
527 42ND ST NE,20019,Ward 7,1,1,NE
529 G ST SW,20024,Ward 6,1,1,104
5300 GEORGIA AVE NW,20011,Ward 4,1,0,
5302 GEORGIA AVE NW,20011,Ward 4,1,0,
531 G ST SW,20024,Ward 6,1,1,202
5315 E ST SE,20019,Ward 7,1,1,527
5317 E ST SE,20019,Ward 7,1,1,738
5319 E ST SE,20019,Ward 7,1,1,947
5323 CONNECTICUT AVE NW,20015,Ward 3,6,6,"404, 702, 406, 204, 504, 205"
5323 E ST SE,20019,Ward 7,1,1,373
5324 C ST SE,20019,Ward 7,1,1,203
5333 CONNECTICTU AVE NW,20015,Ward 3,1,1,721
5333 CONNECTICUT AVE NW,20015,Ward 3,5,4,"721, 402, 227, 113"
5337 D ST SE,20019,Ward 7,1,1,5
5337/5341 D ST SE,20019,NA,1,1,8
5338 COLORADO AVE NW,20011,Ward 4,1,1,4
5340 C ST SE,20019,Ward 7,1,1,203
535 EDGEWOOD ST NE,20017,Ward 5,1,1,5
535 MELLON ST SE,20032,Ward 8,1,1,3
54 GALVESTON ST SW,20032,Ward 8,1,1,301
5402 BASS PL SE,20019,Ward 7,1,0,
5405 CALL PL SE,20019,Ward 7,1,1,203
5408 1ST PL NW,20011,Ward 4,2,2,"208, 304"
5409 CALL PL SE,20019,Ward 7,3,3,"102, 101, T1"
5415 CONNECTICUE AVE NW,20015,Ward 3,1,1,L15
5415 CONNECTICUT AVE NW,20015,Ward 3,4,4,"415, 725, 817, 118"
5425 CONNECTICUT AVE NW,20015,Ward 3,1,1,12
5437 CONNECTICUT AVE NW,20015,Ward 3,1,1,806
55 FORRESTER ST SW,20032,Ward 8,1,1,3
55 GALVESTON PL SW,20032,Ward 8,1,1,2
55 M ST NE,20002,Ward 6,11,11,"920, 201, PH220, 800, 526, PH144, 829, 327, 605, 310, 1024"
550 MORSE ST NE,20002,Ward 5,4,4,"922, 514, 312, 205"
5503 NANNIE HELEN BURROUGHS AVE NE,20019,Ward 7,1,1,303
5509 1ST ST NW,20001,Ward 4,1,1,203
5509 1ST ST NW,20011,Ward 4,1,1,203
5509 NANNIE HELEN BURROUGHS AVE NE,20019,Ward 7,2,2,"105, 202"
551 LEBAUM ST SE,20032,Ward 8,1,1,102
5510 NANNIE HELEN BURROUGHS AVE NE,20019,Ward 7,1,1,102
5510 NH BURROUGHS AVE NE,20019,Ward 7,1,1,204
5512 HAYES ST NE,20019,Ward 7,1,0,
5521 COLORADO AVE NW,20011,Ward 4,2,2,"509, 115"
5521-B COLORADO AVE NW,20011,NA,1,0,
555 E ST SW,20024,Ward 2,4,4,"1117, 604, 1015, 915"
557 LEBAUM ST SE,20032,Ward 8,1,1,203
56 CRITTENDEN ST NE,20011,Ward 5,1,0,
56 GALVESTON ST SW,20032,Ward 8,1,1,T1
5604 CHILLUM PL NE,20011,Ward 4,1,0,
5607 2ND ST NE,20011,Ward 4,2,2,"3, 1B"
5608 KANSAS AVE NW,20011,Ward 4,2,0,
5609 COLORADO AVE NW,20011,Ward 4,1,1,6
5616 13TH ST NW,20011,Ward 4,1,1,305
5661 3RD ST NE,20011,Ward 4,6,6,"213, 215, 661418, 661409, 275, 661352"
5700 MACARTHUR BLVD NW,20016,Ward 3,1,1,NW
5701 NANNIE HELEN BURROUGHS AVE NE,20019,Ward 7,1,0,
5727 2ND ST NE,20011,Ward 4,1,1,NE
5810 SOUTHERN AVE SE,20019,Ward 7,1,0,
5811 14TH ST NW,20011,Ward 4,1,1,302
5815 14TH ST NW,20011,Ward 4,1,1,101
5818 SOUTHERN AVE SE,20019,Ward 7,2,0,
5821 FIELD PL NE,20019,Ward 7,1,1,303
5822-5826 FOOTE ST NE,20019,NA,1,1,3
5823 COLORADO AVE NW,20011,Ward 4,1,0,
59 FARRAGUT PL NW,20011,Ward 4,1,0,
5909 CLAY ST SE,20019,Ward 7,3,3,"101, 301, 203"
5915 GEORGIA AVE NW,20011,Ward 4,1,0,
5922 13TH ST NW,20011,Ward 4,2,2,"B1, 203"
5930 EASTERN AVE NE,20011,Ward 4,1,0,
5944 SOUTHERN AVE SE,20019,Ward 7,1,0,
599 50TH ST NE,20019,Ward 7,4,4,"124, 133, 117, 227"
6 FORRESTER ST SE,20032,Ward 8,1,1,102
60 HAWAII AVE NE,20011,Ward 5,1,1,203
60 L ST NE,20002,Ward 6,1,1,412
60 P ST SW,20024,Ward 6,1,1,11
600 4TH ST SW,20024,Ward 6,2,2,"623, 735"
600 H ST NE,20002,Ward 6,6,6,"102, 407, 419, 655, 438, 238"
600 KENILWORTH AVE NE,20019,Ward 7,1,1,531
600 KENILWORTH TER NE,20019,Ward 7,31,25,"426, 425, 418, 303, 324, 427, 315, 119, 212, 533, 623, 532, 223, 630, 408, 627, 523, 422, 622, 202, 402, 228, 316, 508, 203"
600 KENILWOTH TER NE,20019,Ward 7,2,2,"531, 212"
600 KENILWROTH TER NE,20019,Ward 7,4,4,"430, 124, 623, 626"
600 RHODE ISLAND AVE NE,20002,Ward 5,2,2,"312, 305"
601 24TH ST NW,20037,Ward 2,1,1,906
601 46TH PL SE,20019,Ward 7,1,1,12
601 EDGEWOOD ST NE,20017,Ward 5,19,17,"210, 318, 533, 534, 304, 523, 501, 731, 305, 308, 636, 532, 112, 526, 711, 405, 510"
601 L ST SE,20003,Ward 6,3,3,"211, 103, 101"
601 PARK RD NW,20010,Ward 1,1,1,106
6030 13TH PL NW,20011,Ward 4,1,1,301
606 M ST NW,20001,Ward 2,1,1,3
607 DIVISION AVE NE,20019,Ward 7,1,1,REAR
608 EMERSON ST NE,20017,Ward 5,1,1,NE
61 RHODE ISLAND AVE NE,20002,Ward 5,1,1,32
610 21ST ST NE,20002,Ward 7,1,0,
6101 16TH ST NW,20011,Ward 4,2,2,"509, 515"
611 EDGEWOOD ST NE,20017,Ward 5,8,8,"322, 810, 221, 310, 702, 423, 805, 806"
612 12TH ST NE,20002,Ward 6,1,1,305
612 EVARTS ST NE,20017,Ward 5,1,0,
6120 GEORGIA AVE NW,20011,Ward 4,4,3,"432, 426, 402"
6120 GEROGIA AVE NW,20011,Ward 4,1,1,426
614 LONGFELLOW ST NW,20011,Ward 4,2,2,"301, 104"
619 MISSOURI AVE NW,20011,Ward 4,1,1,3
62 GALVESTON ST SW,20032,Ward 8,2,2,"201, T1"
620 ALABAMA AVE SE,20032,Ward 8,1,1,1
622 MISSISSIPPI AVE SE,20032,Ward 8,1,1,4
6240 CLAY ST NE,20019,Ward 7,2,0,
6242 BANKS PL NE,20019,Ward 7,1,0,
625 EDGEWOOD ST NE,20017,Ward 5,1,1,8
625 H ST NE,20002,Ward 6,1,1,808
625 MONROE ST NE,20017,Ward 5,4,3,"215, 557, 110"
631 T ST NW,20001,Ward 1,1,1,NW
632 BURNS ST SE,20019,Ward 7,1,0,
633 21ST ST NE,20002,Ward 7,1,1,35
635 EDGEWOOD ST NE,20017,Ward 5,9,8,"522, 219, 402, 320, 521, 507, 417, 106"
636 12TH ST NE,20002,Ward 6,1,1,103
636 EDGEWOOD ST NE,20017,Ward 5,1,1,101
636 I ST SE,20003,Ward 6,1,0,
64 H ST SW,20024,Ward 6,1,1,242
64 V ST NE,20001,Ward 5,1,1,UNIT
640 11TH ST NE,20002,Ward 6,1,1,4
641 INDIANA AVE NW,20001,NA,1,0,
643 HAMLIN ST NE,20017,Ward 5,1,1,3
65 GALVESTON ST SW,20032,Ward 8,3,3,"104, 201, 204"
6501 14TH ST NW,20012,Ward 4,1,1,307
6501 NORTH CAPITOL ST NE,20012,Ward 4,1,0,
653 EAST CAPITOL ST SE,20003,Ward 6,2,1,002
6600 LUZON AVE NW,20012,Ward 4,1,1,409
6650 GEORGIA AVE NW,20012,Ward 4,1,1,102
6660 GEORGIA AVE NW,20012,Ward 4,1,1,203
670 RHODE ISLAND AVE NE,20002,Ward 5,4,3,"533, 422, 513"
68 GALVESTON ST SW,20032,Ward 8,1,1,T2
680 RHODE ISLAND AVE NE,20002,Ward 5,2,2,"523, 454"
6800 GEORGIA AVE NW,20012,Ward 4,11,11,"PH18, TH, 455, 521, 160, 144, 308, 426, 244, 445, 141"
6817 GEORGIA AVE NW,20012,Ward 4,5,3,"314, 321, 415"
69 RHODE ISLAND AVE NW,20001,Ward 5,1,1,7
6925 MAPLE ST NW,20012,Ward 4,2,2,"M004, M308"
6939 GEORGIA AVE NW,20012,Ward 4,5,4,"417, 505, 614, 410"
6984 HAYES ST NE,20019,NA,2,1,201
70 GALVESTON ST SW,20032,Ward 8,1,1,201
70 N ST SW,20024,Ward 6,1,1,4
700 12TH ST SE,20003,Ward 6,1,1,103
700 7TH ST SW,20024,Ward 6,1,1,808
700 CONSTITUTION AVE NE,20002,Ward 6,1,1,405
700 N ST NW,20001,Ward 2,1,1,103
701 2ND ST NE,20002,Ward 6,5,5,"635, 325, 258, 518, 406"
701 BRANDYWINE ST SE,20032,Ward 8,1,1,201
701 MONROE ST NE,20017,Ward 5,2,1,230
7019 GEORGIA AVE NW,20011,Ward 4,1,1,108
7019 GEORGIA AVE NW,20012,Ward 4,8,8,"411, 507, 02, 502, 501, 402, 308, 104"
7035 M ST NW,20001,Ward 2,1,1,103
705 CHESAPEAKE ST SE,20032,Ward 8,1,1,5
705 H ST NE,20002,Ward 6,1,0,
7053 SPRING PL NW,20012,Ward 4,1,1,318
707 H ST NE,20002,Ward 6,1,1,NE
709 BURNS ST SE,20019,Ward 7,1,0,
71 POTOMAC AVE SE,20003,Ward 6,5,5,"806, PH25, 306, 1125, 608"
711 31ST ST SE,20019,Ward 7,1,1,11
713 BRANDYWINE ST SE,20032,Ward 8,1,1,201
713 LAMONT ST NW,20010,Ward 1,2,2,"306, 308"
7150 12TH ST NW,20012,Ward 4,3,3,"455, 330, 415"
718 21ST ST NE,20002,Ward 5,1,1,229
72 GALVESTON ST SW,20032,Ward 8,1,1,302
725 JEFFERSON ST NW,20011,Ward 4,2,2,"302, 202"
731 1/2 7TH ST SE,20003,Ward 6,1,1,LOWER
732 6TH ST SW,20024,Ward 6,2,1,106
733 15TH ST NW,20005,Ward 2,1,1,410
734 LONGFELLOW ST NW,20011,Ward 4,2,2,"104, 207"
735 LAMONT ST NW,20010,Ward 1,1,1,316
736 BRANDYWINE ST SE,20032,Ward 8,2,2,"301, 204"
736 CHESAPEAKE ST SE,20032,Ward 8,1,1,302
736 NEWTON PL NW,20010,Ward 1,1,0,
737 LONGFELLOW ST NW,20011,Ward 4,1,1,304
738 GRESHAM PL NW,20001,Ward 1,1,1,NW
738 LONGFELLOW ST NW,20011,Ward 4,1,1,216
74 WEBSTER ST NE,20011,Ward 5,1,1,203
742 BRANDYWINE ST SE,20032,Ward 8,1,1,304
743 FAIRMONT ST NW,20001,Ward 1,1,1,208
744 6TH ST SW,20024,Ward 6,1,1,111
748 BRANDYWINE ST SE,20032,Ward 8,1,1,102
750 C ST SE,20003,Ward 6,2,0,
750 KENILWORTH TER NE,20019,Ward 7,5,5,"119, 416, 132, 608, 432"
7538 13TH ST NW,20012,Ward 4,1,0,
76 GALVESTON ST SW,20032,Ward 8,1,1,102
770 5TH ST NW,20001,Ward 6,2,2,"212, 609"
770 MAINE AVE SW,20024,Ward 6,3,3,"618, 705, 715"
770 P ST NW,20001,Ward 2,1,1,518
7720 EASTERN AVE NW,20012,Ward 4,1,1,201
777 7TH ST NW,20001,Ward 2,2,1,1123
78 GALVESTON ST SW,20032,Ward 8,1,1,201
79 POTOMAC AVE SE,20003,Ward 6,4,4,"618, 923, 226, 216"
8 CHESAPEAKE ST SW,20032,Ward 8,2,1,1
80 GALVESTON ST SW,20032,Ward 8,1,1,T1
80 NEW YORK AVE NW,20001,Ward 6,1,1,304
800 4TH ST SW,20024,Ward 6,1,0,
800 KENILWORTH AVE NE,20019,Ward 7,8,8,"352, 330, 438, 325, 227, 205, 226, 420"
800 NEW JERSEY AVE SE,20003,Ward 6,1,1,715
800 SOUTHERN AVE SE,20032,Ward 8,30,28,"606, 505, 623, 1125, 417, 1126, 301, 332, 1123, 407, 1128, 411, 602, 729, 820, 805, 501, 1003, 220, 1027, 312, 626, 932, 818, 922, 806, 502, 633"
800 SOUTHERN AVNUE SE,20032,Ward 8,1,1,528
801 3RD ST NW,20001,Ward 6,1,1,310
801 NEW JERSEY AVE NW,20001,Ward 6,4,4,"640, 807, 406, 649"
801 PENNSYLVANIA AVE SE,20003,Ward 6,1,1,1ST
805 CHANNING PL NE,20018,Ward 5,1,1,407
806 LONGFELLOW ST NW,20011,Ward 4,1,1,B2
808 CHESAPEAKE ST SE,20032,Ward 8,1,1,102
809 NEW JERSEY AVE SE,20003,Ward 6,5,5,"1027, 827, 109, 709, 906"
810 KENNEDY ST NW,20011,Ward 4,1,1,101
810 NEW JERSEY AVE NW,20001,Ward 6,8,7,"1004, 404, 609, 901, 505, 909, 1112"
812 CHESAPEAK ST SE,20032,Ward 8,1,1,202
812 JEFFERSON ST NW,20011,Ward 4,1,1,110
814 SOUTHERN AVE SE,20032,Ward 8,4,3,"1, 302, 203"
815 JUNIPER ST NW,20012,Ward 4,1,1,102
815 MALCON X AVE SE,20032,Ward 6,1,1,2
816 SOUTHERN AVE SE,20032,Ward 8,1,1,204
818 BLADENSBURG RD NE,20002,Ward 5,1,1,306
818 SOUTHERN AVE SE,20032,Ward 8,2,2,"103, 303"
82 GALVESTON ST SW,20032,Ward 8,1,1,102
820 CHESAPEAKE ST SE,20032,Ward 8,3,2,"233, 212"
820 SOUTHERN AVE SE,20032,Ward 8,4,3,"204, 103, 302"
822 BARNABY ST SE,20032,Ward 8,1,1,203
823 3RD ST SW,20024,Ward 6,1,1,823
824 BARNABY ST SE,20032,Ward 8,4,3,"203, 401, 102"
825 10TH ST NW,20001,Ward 2,1,1,657
825 NEW HAMPSHIRE NW,20037,Ward 2,1,1,605
828 BARNABY ST SE,20032,Ward 8,1,1,204
829 QUIMCY ST NW,20011,Ward 4,1,1,512
829 QUINCY ST NW,20011,Ward 4,1,1,406
830 18TH ST NE,20002,Ward 5,1,1,B
833 6TH ST SW,20024,Ward 6,1,0,
835 51ST ST SE,20019,Ward 7,1,1,4
836 BARNABY ST SE,20032,Ward 8,1,1,302
84 54TH ST SE,20019,Ward 7,1,0,
84 GALVESTON ST SW,20032,Ward 8,1,1,101
840 BARNABY ST SE,20032,Ward 8,2,2,"202, 201"
844 BARNABY ST SE,20032,Ward 8,1,1,304
845 21ST ST NE,20002,Ward 5,1,1,5
845 CHESAPEAKE ST SE,20032,Ward 8,2,1,201
846 21ST ST NE,20002,Ward 5,2,2,"8, 9"
846 48TH ST NE,20019,Ward 7,2,1,APT
848 21ST ST NE,20002,Ward 5,1,1,8
848 BARNABY ST SE,20032,Ward 8,3,2,"203, 301"
849 20TH ST NE,20002,Ward 5,1,1,3
849 21ST ST NE,20002,Ward 5,3,3,"12, 1, 9"
850 QUINCY ST NW,20011,Ward 4,8,7,"316, 314, 204, 216, 207, 603, 624"
851 20TH ST NE,20002,Ward 5,1,0,
851 21ST ST NE,20002,Ward 5,1,1,4
852 21ST ST NE,20002,Ward 5,2,2,"1, 5"
852 BARNABY ST SE,20032,Ward 8,2,2,"404, 301"
853 NEW JERSEY AVE SE,20003,Ward 6,3,3,"1054, 669, 1254"
854 21ST ST NE,20002,Ward 5,1,1,5
855 20TH ST NE,20002,Ward 5,2,2,"11, 5"
855 21ST ST NE,20002,Ward 5,2,2,"10, 1"
855 CHESAPEAK ST SE,20032,Ward 8,1,1,302
858 20TH ST NE,20002,Ward 5,1,1,11
859 21ST ST NE,20002,Ward 5,1,1,3
86 FORRESTER ST SW,20032,Ward 8,3,1,B2
86 HAWTHORNE CT NE,20017,Ward 5,1,1,86
86 HAWTHRONE CT NE,20017,Ward 5,1,0,
860 SOUTHERN AVE SE,20032,Ward 8,1,1,102
861 21ST ST NE,20002,Ward 5,1,1,8
865 21ST ST NE,20002,Ward 5,1,1,5
865 CHESAPEAKE ST SE,20032,Ward 8,2,2,"303, 302"
867 21ST ST NE,20002,Ward 5,3,1,4
870 SOUTHERN AVE SE,20032,Ward 8,2,2,"303, 201"
875 10TH ST NW,20001,Ward 2,2,2,"1022, 720"
88 GALVESTON ST SW,20032,Ward 8,2,2,"301, 302"
880 SOUTHERN AVE SE,20032,Ward 8,3,3,"301, 302, 404"
881 3RD ST NW,20001,Ward 6,6,3,"707, 904, 807"
883 BARNABY ST SE,20032,Ward 8,1,1,SE
885 CHESAPEAKE ST SE,20032,Ward 8,3,3,"301, 204, 302"
9 BASS CIR SE,20019,Ward 7,1,1,B
90 GALVESTON ST SW,20032,Ward 8,1,0,
90 GLAVESTON ST SW,20032,Ward 8,1,1,T1
900 22ND ST NE,20002,Ward 5,1,1,203
900 7TH ST SW,20024,Ward 6,3,3,"707, 615, 717"
900 G ST NE,20002,Ward 6,1,1,113
901 21ST ST NE,20002,Ward 5,1,1,202
901 6TH ST SW,20024,Ward 6,2,2,"605A, 204"
901 H ST NE,20002,Ward 6,11,10,"418, 402, 711, 732, 408, 401, 633, 509, 258, 565"
901 RHODE ISLAND AVE NW,20001,Ward 2,1,1,408
901 W ST NW,20001,Ward 1,1,1,9W0302
902 22ND ST NE,20002,Ward 5,1,1,301
903 21ST ST NE,20002,Ward 5,1,1,202
903 VALLEY AVE SE,20032,Ward 8,1,1,903
903 W ST NW,20001,Ward 1,1,0,
904 22ND ST NE,20002,Ward 5,3,3,"102, 103, 203"
905 21ST ST NE,20002,Ward 5,1,1,201
905 6TH ST SW,20024,Ward 6,3,3,"707B, 509, 809"
907 VARNEY ST SE,20032,Ward 8,1,0,
908 EASTERN AVE NE,20019,Ward 7,1,1,302
910 17TH ST NW,20006,Ward 2,1,1,1102
912 GALLATIN ST NW,20011,Ward 4,1,1,202
916 EASTERN AVE NE,20019,Ward 7,1,1,102
917 48TH ST NE,20019,Ward 7,1,1,303
917 SHERIDAN ST NW,20011,Ward 4,1,1,201
918 EASTERN AVE NE,20019,Ward 7,1,1,102
920 EASTERN AVE NE,20019,Ward 7,1,1,302
922 EASTERN AVE NE,20019,Ward 7,1,1,102
925 48TH PL NE,20019,Ward 7,3,2,"204, 103"
930 M ST NW,20001,Ward 2,1,1,321
935 47TH ST NE,20019,Ward 7,1,1,2
935 DIVISION AVE NE,20019,Ward 7,1,1,5
94 GALVESTON ST SW,20032,Ward 8,1,1,T1
940 MISSISSIPPI AVE SE,20032,Ward 8,1,0,
940 RANDOLPH ST NW,20011,Ward 4,2,2,"404, 204"
944 EASTERN AVE NE,20019,Ward 7,1,1,1
949 FIRST ST SE,20003,Ward 6,22,22,"456, 205, PH10, 1307, 1205, 1125, 930, 1119, 1227, PH14, 467, 1131, 1233, 937, 1058, 1304, 1142, 1137, 842, 954, 664, 926"
950 24TH ST NW,20037,Ward 2,3,3,"1004, 411A, 1114"
950 25TH ST NW,20037,Ward 2,1,1,505N
950 MAIN AVE SW,20024,NA,1,1,E
950 MAINE AVE SW,20024,Ward 6,6,1,E
954 SOUTHERN AVE SE,20032,Ward 8,1,1,302
960 RANDOLPH ST NW,20011,Ward 4,1,1,303
965 FLORIDA AVE NW,20001,Ward 1,7,7,"WR0609, 452, WR0347, WR0749, WR0455, WR0521, WR0457"
99 BLAIR ALLEY SW,20024,Ward 6,3,1,W
UNION ST NE,20002,Ward 6,1,1,812
